{"model":{"version":2,"nodes":[{"name":"RootNode","position":[0,0,0],"rotation":[0,0,0],"scale":[1,1,1]},{"name":"Cylinder002","position":[0,0,0],"rotation":[-90,-0,0],"scale":[0.0254,0.0254,0.0254]}],"parents":[-1,0],"skins":[],"vertices":[{"position":{"type":"float32","components":3,"data":[-11.5422,-18.5546,10.1859,6.84144,-18.4421,26.3376,-10.4915,-16.6764,22.2983,12.9724,-27.6423,-2.28691,18.2071,-8.0401,16.2665,14.4061,-2.27656,30.3769,13.0332,-8.74676,32.1204,19.3351,-0.742239,17.5468,3.06939,15.1989,10.1226,0.742455,9.71396,28.834,19.3351,-0.742239,17.5468,14.4061,-2.27656,30.3769,-11.0052,11.2505,-2.28691,-24.7353,9.23294,4.93508,-16.4191,2.79598,22.2544,-21.9322,13.8883,-2.28691,-41.7323,11.0377,-2.28691,-24.6553,5.32838,-2.28691,-24.7353,9.23294,4.93508,-14.503,-12.4829,-2.28691,-25.2344,-28.4253,-2.28691,-11.5422,-18.5546,10.1859,-11.5422,-18.5546,10.1859,-25.2344,-28.4253,-2.28691,-8.36705,-25.0968,-2.28691,-11.5422,-18.5546,10.1859,-10.4915,-16.6764,22.2983,-16.4191,2.79598,22.2544,-16.4191,2.79598,22.2544,-5.69074,10.5398,6.95155,-11.0052,11.2505,-2.28691,-21.9322,13.8883,-2.28691,-41.7323,11.0377,-2.28691,-24.7353,9.23294,4.93508,-16.5473,-2.86539,-2.28691,-16.4191,2.79598,22.2544,-24.7353,9.23294,4.93508,-24.6553,5.32838,-2.28691,-11.5422,-18.5546,10.1859,-16.4191,2.79598,22.2544,-16.5473,-2.86539,-2.28691,-14.503,-12.4829,-2.28691,-11.5422,-18.5546,10.1859,-8.36705,-25.0968,-2.28691,12.9724,-27.6423,-2.28691,30.1658,-2.33751,6.9216,19.3351,-0.742239,17.5468,18.2071,-8.0401,16.2665,27.9109,-10.015,-2.28691,40.5102,1.96674,-2.28691,30.1658,-2.33751,6.9216,40.5102,1.96674,-2.28691,28.5086,0.770758,-2.28691,30.1658,-2.33751,6.9216,30.1658,-2.33751,6.9216,10.757,11.1827,-2.28691,19.3351,-0.742239,17.5468,30.1658,-2.33751,6.9216,28.5086,0.770758,-2.28691,10.757,11.1827,-2.28691,0.742455,9.71396,28.834,-5.69074,10.5398,6.95155,-16.4191,2.79598,22.2544,3.06939,15.1989,10.1226,19.3351,-0.742239,17.5468,10.757,11.1827,-2.28691,3.06939,15.1989,10.1226,5.48288,28.2544,3.68076,3.06939,15.1989,10.1226,9.31425,26.4903,-2.24175,10.757,11.1827,-2.28691,5.48288,28.2544,3.68076,-11.0052,11.2505,-2.28691,-5.69074,10.5398,6.95155,0.760854,29.5107,-2.24175,-5.69074,10.5398,6.95155,3.06939,15.1989,10.1226,5.48288,28.2544,3.68076,5.48288,28.2544,3.68076,9.31425,26.4903,-2.24175,12.9615,36.8486,-2.23655,0.760854,29.5107,-2.24175,5.48288,28.2544,3.68076,12.9615,36.8486,-2.23655,12.9724,-27.6423,-2.28691,27.9109,-10.015,-2.28691,30.1658,-2.33751,6.9216,-16.4191,2.79598,22.2544,9.9827,-4.95056,28.9394,0.742455,9.71396,28.834,-10.4915,-16.6764,22.2983,2.78803,-13.2678,26.9911,6.80467,-12.0368,33.422,13.0332,-8.74676,32.1204,9.88989,-8.62965,32.8391,6.79159,-15.2294,34.6054,14.4061,-2.27656,30.3769,6.84144,-18.4421,26.3376,9.9827,-4.95056,28.9394,13.0332,-8.74676,32.1204,14.4061,-2.27656,30.3769,9.88989,-8.62965,32.8391,2.78803,-13.2678,26.9911,9.88989,-8.62965,32.8391,9.9827,-4.95056,28.9394,6.80467,-12.0368,33.422,6.80467,-12.0368,33.422,2.78803,-13.2678,26.9911,6.79159,-15.2294,34.6054,6.84144,-18.4421,26.3376,13.0332,-8.74676,32.1204,6.79159,-15.2294,34.6054,6.84144,-18.4421,26.3376,13.0332,-8.74676,32.1204,6.84144,-18.4421,26.3376,18.2071,-8.0401,16.2665,12.9724,-27.6423,-2.28691,18.2071,-8.0401,16.2665,12.9724,-27.6423,-2.28691,30.1658,-2.33751,6.9216]},"normal":{"type":"float32","components":3,"data":[-0.199657,-0.951546,0.233873,-0.199657,-0.951546,0.233873,-0.199657,-0.951546,0.233873,-0.199657,-0.951546,0.233873,0.93501,-0.159185,0.316886,0.93501,-0.159185,0.316886,0.93501,-0.159185,0.316886,0.93501,-0.159185,0.316886,0.600182,0.740326,0.302819,0.600182,0.740326,0.302819,0.600182,0.740326,0.302819,0.600182,0.740326,0.302819,0.0742929,0.914883,0.396824,0.0742929,0.914883,0.396824,0.0742929,0.914883,0.396824,0.0742929,0.914883,0.396824,-0.28255,-0.84513,0.453785,-0.28255,-0.84513,0.453785,-0.28255,-0.84513,0.453785,-0.751138,0.505613,0.424437,-0.751138,0.505613,0.424437,-0.751138,0.505613,0.424437,0.168639,-0.854581,0.491174,0.168639,-0.854581,0.491174,0.168639,-0.854581,0.491174,-0.948981,-0.288595,0.127074,-0.948981,-0.288595,0.127074,-0.948981,-0.288595,0.127074,-0.308705,0.918199,0.248219,-0.308705,0.918199,0.248219,-0.308705,0.918199,0.248219,-0.123119,0.855193,0.503474,-0.123119,0.855194,0.503474,-0.123119,0.855193,0.503474,-0.756938,-0.625409,0.189496,-0.756938,-0.625409,0.189496,-0.756938,-0.625409,0.189496,-0.756938,-0.625409,0.189496,-0.966068,-0.246264,0.0778911,-0.966068,-0.246265,0.0778911,-0.966068,-0.246265,0.0778911,-0.966068,-0.246264,0.0778911,-0.106334,-0.891431,0.440503,-0.106334,-0.891431,0.440503,-0.106334,-0.891431,0.440503,0.664639,-0.227589,0.711659,0.664639,-0.227589,0.711659,0.664639,-0.227589,0.711659,0.631826,-0.664396,0.399216,0.631826,-0.664396,0.399216,0.631826,-0.664396,0.399216,-0.0934844,0.938112,0.333476,-0.0934844,0.938112,0.333476,-0.0934844,0.938112,0.333476,0.435804,0.842067,0.317802,0.435804,0.842067,0.317802,0.435804,0.842067,0.317802,0.496094,0.845807,0.19622,0.496093,0.845807,0.19622,0.496093,0.845807,0.19622,-0.453616,0.875525,0.166399,-0.453616,0.875525,0.166399,-0.453616,0.875525,0.166399,-0.453616,0.875525,0.166399,0.651364,0.740887,0.163738,0.651364,0.740887,0.163738,0.651364,0.740887,0.163738,0.855564,0.0858561,0.510528,0.855564,0.0858561,0.510528,0.855564,0.0858561,0.510528,0.855564,0.0858561,0.510528,-0.695874,0.490744,0.524337,-0.695874,0.490744,0.524337,-0.695874,0.490744,0.524337,-0.695874,0.490744,0.524337,-0.506979,0.454956,0.732111,-0.506979,0.454956,0.732111,-0.506979,0.454956,0.732111,0.769319,-0.271176,0.578457,0.769319,-0.271176,0.578457,0.769319,-0.271176,0.578457,-0.443505,0.737054,0.509956,-0.443505,0.737054,0.509956,-0.443505,0.737054,0.509956,0.719563,-0.609804,0.332217,0.719563,-0.609804,0.332217,0.719563,-0.609804,0.332217,-0.276282,-0.11859,0.953732,-0.263112,-0.107491,0.958758,-0.269522,-0.121429,0.955308,-0.282632,-0.126305,0.950877,-0.312217,-0.0861771,0.946094,0.087355,0.219066,0.971792,0.087355,0.219066,0.971792,0.087355,0.219066,0.971792,0.087355,0.219066,0.971792,-0.22977,-0.137862,0.963431,-0.245587,-0.308447,0.918993,-0.24722,0.497898,0.831252,-0.24722,0.497898,0.831252,-0.24722,0.497898,0.831252,-0.24722,0.497898,0.831252,-0.71006,0.57529,0.406025,-0.71006,0.57529,0.406025,-0.71006,0.57529,0.406025,-0.71006,0.57529,0.406025,-0.852678,-0.389717,0.347938,-0.852678,-0.389717,0.347938,-0.852678,-0.389717,0.347938,-0.852678,-0.389717,0.347938,0.743632,-0.621665,0.246057,0.743632,-0.621665,0.246057,0.743632,-0.621665,0.246057,0.775445,-0.554027,0.302885,0.775445,-0.554027,0.302885,0.775445,-0.554027,0.302885,0.775445,-0.554027,0.302885,0.648318,-0.607508,0.458931,0.648318,-0.607508,0.458931,0.648318,-0.607508,0.458931]},"color":{"type":"uint8","components":4,