{"model":{"version":3,"nodes":[{"name":"RootNode","position":[0,0,0],"rotation":[0,0,0],"scale":[1,1,1],"scaleCompensation":false},{"name":"bg_cloud_1","position":[0,0,0],"rotation":[9.33467e-06,-1.27222e-14,1.27222e-14],"scale":[1,1,1],"scaleCompensation":false}],"parents":[-1,0],"skins":[],"morphs":[],"vertices":[{"position":{"type":"float32","components":3,"data":[18.243,-1.05422,6.90112e-09,7.71364,-1.81949,2.00058e-07,14.7974,2.92216,-2.59473e-07,7.51123,-6.3034,4.46788e-07,-0.469528,-6.66438,7.07168e-07,-0.341383,-2.42786,3.50175e-07,7.71364,-1.81949,2.00058e-07,-15.633,-5.9378,8.93719e-07,-0.341383,-2.42786,3.50175e-07,-0.469528,-6.66438,7.07168e-07,-16.7899,-4.37789,4.12008e-07,0.793278,5.63549,-2.69139e-07,-0.341383,-2.42786,3.50175e-07,-5.81805,5.65634,-2.70367e-07,0.793278,5.63549,-2.69139e-07,11.6633,8.01285,-5.53977e-07,12.2239,5.95589,-4.62844e-07,1.00446,7.55477,-3.67673e-07,1.00446,7.55477,-3.67673e-07,10.1762,10.4098,-4.49182e-07,11.6633,8.01285,-5.53977e-07,2.12813,9.91963,-3.01809e-07,13.0601,6.5017,-4.26251e-07,16.3626,4.07302,-3.27214e-07,14.7974,2.92216,-2.59473e-07,12.2239,5.95589,-4.62844e-07,2.12813,9.91963,-3.01809e-07,8.63284,11.8179,-2.90571e-07,10.1762,10.4098,-4.49182e-07,6.37009,12.5161,-2.83564e-07,6.37009,12.5161,-2.83564e-07,2.12813,9.91963,-3.01809e-07,3.63555,11.5285,-1.88882e-07,7.71364,-1.81949,2.00058e-07,12.2239,5.95589,-4.62844e-07,14.7974,2.92216,-2.59473e-07,0.793278,5.63549,-2.69139e-07,7.71364,-1.81949,2.00058e-07,15.4933,-5.52485,2.57331e-07,7.51123,-6.3034,4.46788e-07,16.8649,-3.55673,1.47084e-07,18.7092,0.296453,-7.26006e-08,14.7974,2.92216,-2.59473e-07,16.3626,4.07302,-3.27214e-07,18.243,-1.05422,6.90112e-09,18.7092,0.296453,-7.26006e-08,16.3626,4.07302,-3.27214e-07,18.8179,2.61614,-2.34042e-07,16.3626,4.07302,-3.27214e-07,13.0601,6.5017,-4.26251e-07,15.1102,6.70004,-4.83731e-07,15.1102,6.70004,-4.83731e-07,16.7355,6.2309,-4.54228e-07,16.3626,4.07302,-3.27214e-07,18.8179,2.61614,-2.34042e-07,16.3626,4.07302,-3.27214e-07,18.2807,4.72571,-3.65632e-07,18.2807,4.72571,-3.65632e-07,16.3626,4.07302,-3.27214e-07,16.7355,6.2309,-4.54228e-07,9.68409,-9.34495,-6.09815e-08,7.51123,-6.3034,4.46788e-07,12.9359,-7.85855,2.00043e-07,6.3152,-10.2334,-3.06386e-07,7.51123,-6.3034,4.46788e-07,9.68409,-9.34495,-6.09815e-08,-0.469528,-6.66438,7.07168e-07,0.789747,-10.7805,-5.48914e-07,-3.92279,-10.6704,-8.52752e-07,-0.469528,-6.66438,7.07168e-07,-15.633,-5.9378,8.93719e-07,-0.469528,-6.66438,7.07168e-07,-12.3723,-8.45189,-1.686e-06,-17.6175,-3.16769,3.47122e-07,-16.1463,2.40325,-6.69722e-08,-14.0723,1.16401,8.05512e-08,-16.7899,-4.37789,4.12008e-07,0.793278,5.63549,-2.69139e-07,7.71364,-1.81949,2.00058e-07,-0.341383,-2.42786,3.50175e-07,-0.341383,-2.42786,3.50175e-07,-14.0723,1.16401,8.05512e-08,-5.81805,5.65634,-2.70367e-07,-11.8151,5.67526,-2.7148e-07,-14.0723,1.16401,8.05512e-08,-0.341383,-2.42786,3.50175e-07,-16.7899,-4.37789,4.12008e-07,-12.9049,6.06921,-3.6631e-07,-14.0723,1.16401,8.05512e-08,-16.1463,2.40325,-6.69722e-08,-11.8151,5.67526,-2.7148e-07,-16.1463,2.40325,-6.69722e-08,-16.8704,5.81717,-3.16085e-07,-14.923,6.35416,-3.57143e-07,-18.4906,4.41509,-2.09758e-07,-16.1463,2.40325,-6.69722e-08,-19.3638,2.01455,-4.65237e-08,-18.4906,4.41509,-2.09758e-07,-16.1463,2.40325,-6.69722e-08,-17.6175,-3.16769,3.47122e-07,-18.7453,-1.17314,2.24169e-07,-12.9049,6.06921,-3.6631e-07,-16.1463,2.40325,-6.69722e-08,-14.923,6.35416,-3.57143e-07,-11.8151,5.67526,-2.7148e-07,-6.35771,6.52205,-3.21323e-07,-5.81805,5.65634,-2.70367e-07,-11.9589,6.69825,-3.31695e-07,-16.1463,2.40325,-6.69722e-08,-19.425,0.445533,1.84705e-07,-19.3638,2.01455,-4.65237e-08,-18.7453,-1.17314,2.24169e-07,-5.81805,5.65634,-2.70367e-07,0.0718887,7.13745,-3.90058e-07,0.793278,5.63549,-2.69139e-07,-6.35771,6.52205,-3.21323e-07,-6.35771,6.52205,-3.21323e-07,-1.01593,8.36245,-2.83572e-07,0.0718887,7.13745,-3.90058e-07,-6.64632,7.65426,-3.56335e-07,-11.9589,6.69825,-3.31695e-07,-6.64632,7.65426,-3.56335e-07,-6.35771,6.52205,-3.21323e-07,-11.8146,7.90817,-4.18727e-07,-1.01593,8.36245,-2.83572e-07,-6.64632,7.65426,-3.56335e-07,-2.63849,9.50577,-2.36855e-07,-6.64632,7.65426,-3.56335e-07,-11.8146,7.90817,-4.18727e-07,-10.9599,9.07369,-5.81006e-07,-6.64632,7.65426,-3.56335e-07,-4.53614,10.0187,-2.71301e-08,-2.63849,9.50577,-2.36855e-07,-6.93492,10.1185,-4.69752e-07,-9.19498,9.8729,-8.21483e-07,-6.64632,7.65426,-3.56335e-07,-10.9599,9.07369,-5.81006e-07,-6.93492,10.1185,-4.69752e-07,-0.469528,-6.66438,7.07168e-07,-3.92279,-10.6704,-8.52752e-07,-9.02778,-9.86426,-1.20991e-06,12.9359,-7.85855,2.00043e-07,7.51123,-6.3034,4.46788e-07,15.4933,-5.52485,2.57331e-07,6.3152,-10.2334,-3.06386e-07,0.789747,-10.7805,-5.48914e-07,-0.469528,-6.66438,7.07168e-07,-12.3723,-8.45189,-1.686e-06,-0.469528,-6.66438,7.07168e-07,-9.02778,-9.86426,-1.20991e-06,16.8649,-3.55673,1.47084e-07,7.71364,-1.81949,2.00058e-07,18.243,-1.05422,6.90112e-09]},"normal":{"type":"float32","components":3,