{"model":{"version":2,"nodes":[{"name":"RootNode","position":[0,0,0],"rotation":[0,0,0],"scale":[1,1,1]},{"name":"Box004","position":[0,0,0],"rotation":[-90,-0,0],"scale":[0.0254,0.0254,0.0254]}],"parents":[-1,0],"skins":[],"vertices":[{"position":{"type":"float32","components":3,"data":[-3.16121,-143.993,-39.3701,-3.16121,-143.993,31.2903,3.16111,-143.993,31.2903,3.16111,-143.993,-39.3701,-3.16121,-150.315,31.2903,-3.16121,-150.315,-39.3701,3.1611,-150.315,31.2903,3.1611,-150.315,-39.3701,3.1611,-150.315,-39.3701,3.16111,-143.993,31.2903,3.1611,-150.315,31.2903,3.16111,-143.993,-39.3701,-3.16121,-143.993,-39.3701,-3.16121,-150.315,31.2903,-3.16121,-143.993,31.2903,-3.16121,-150.315,-39.3701,121.271,-143.993,31.2903,121.271,-143.993,-39.3701,114.949,-143.993,31.2903,114.949,-143.993,-39.3701,121.271,-150.315,-39.3701,121.271,-150.315,31.2903,114.949,-150.315,31.2903,114.949,-150.315,-39.3701,121.271,-150.315,31.2903,121.271,-150.315,-39.3701,121.271,-143.993,31.2903,121.271,-143.993,-39.3701,114.949,-143.993,31.2903,114.949,-150.315,-39.3701,114.949,-150.315,31.2903,114.949,-143.993,-39.3701,-114.949,-143.993,31.2903,-114.949,-143.993,-39.3701,-121.271,-143.993,31.2903,-121.271,-143.993,-39.3701,-121.271,-150.315,31.2903,-121.271,-150.315,-39.3701,-114.949,-150.315,31.2903,-114.949,-150.315,-39.3701,-114.949,-143.993,-39.3701,-114.949,-143.993,31.2903,-114.949,-150.315,31.2903,-114.949,-150.315,-39.3701,-121.271,-143.993,31.2903,-121.271,-150.315,-39.3701,-121.271,-150.315,31.2903,-121.271,-143.993,-39.3701,3.33589,-164.35,37.8188,-3.33599,-164.35,31.1469,3.33589,-164.35,31.1469,-3.33599,-164.35,37.8188,-3.33599,-164.35,37.8188,-3.33588,164.35,37.8188,-3.33588,164.35,31.1469,-3.33599,-164.35,31.1469,121.446,-164.35,37.8188,114.774,-164.35,37.8188,114.774,-164.35,31.1469,121.446,-164.35,31.1469,-114.774,-164.35,37.8188,-121.446,-164.35,37.8188,-121.446,-164.35,31.1469,-114.774,-164.35,31.1469,-121.446,-164.35,37.8188,-121.446,164.35,37.8188,-121.446,164.35,31.147,-121.446,-164.35,31.1469,1.18538,-157.946,31.3252,-1.18548,-150.11,23.4884,1.18538,-150.11,23.4884,-1.18549,-157.946,31.3252,1.18538,-150.077,31.2792,1.18538,-157.946,31.3252,1.18538,-150.11,23.4884,-1.18549,-150.077,31.2792,-1.18548,-150.11,23.4884,-1.18549,-157.946,31.3252,116.925,-157.947,31.3252,116.925,-150.11,23.4884,119.296,-157.947,31.3252,119.296,-150.11,23.4884,119.296,-150.077,31.2792,119.296,-157.947,31.3252,119.296,-150.11,23.4884,116.925,-150.077,31.2792,116.925,-150.11,23.4884,116.925,-157.947,31.3252,-119.296,-157.946,31.3252,-119.296,-150.11,23.4884,-116.925,-157.946,31.3252,-116.925,-150.11,23.4884,-116.925,-150.077,31.2792,-116.925,-157.946,31.3252,-116.925,-150.11,23.4884,-119.296,-150.077,31.2792,-119.296,-150.11,23.4884,-119.296,-157.946,31.3252,-3.33588,164.35,37.8188,3.33589,-164.35,37.8188,3.336,164.35,37.8188,-3.33599,-164.35,37.8188,-3.33599,-164.35,31.1469,-3.33588,164.35,31.1469,3.33589,-164.35,31.1469,3.336,164.35,31.1469,114.774,-164.35,31.1469,114.774,164.35,31.1469,121.446,-164.35,31.1469,121.446,164.35,31.1469,121.446,-164.35,37.8188,121.446,164.35,31.1469,121.446,164.35,37.8188,121.446,-164.35,31.1469,-121.446,164.35,37.8188,-114.774,-164.35,37.8188,-114.774,164.35,37.8188,-121.446,-164.35,37.8188,-121.446,-164.35,31.1469,-121.446,164.35,31.147,-114.774,-164.35,31.1469,-114.774,164.35,31.1469,-114.774,-164.35,37.8188,-114.774,164.35,31.1469,-114.774,164.35,37.8188,-114.774,-164.35,31.1469,3.16121,143.993,-39.3701,3.16121,143.993,31.2903,-3.16111,143.993,31.2903,-3.1611,143.993,-39.3701,-3.1611,150.315,-39.3701,-3.1611,150.315,31.2903,3.16121,150.315,31.2903,3.16121,150.315,-39.3701,3.16121,143.993,31.2903,3.16121,143.993,-39.3701,3.16121,150.315,31.2903,3.16121,150.315,-39.3701,-3.1611,150.315,31.2903,-3.1611,150.315,-39.3701,-3.16111,143.993,31.2903,-3.1611,143.993,-39.3701,114.949,143.993,31.2903,114.949,143.993,-39.3701,121.271,143.993,31.2903,121.271,143.993,-39.3701,121.271,150.315,31.2903,121.271,150.315,-39.3701,114.949,150.315,31.2903,114.949,150.315,-39.3701,121.271,143.993,31.2903,121.271,143.993,-39.3701,121.271,150.315,31.2903,121.271,150.315,-39.3701,114.949,143.993,-39.3701,114.949,143.993,31.2903,114.949,150.315,31.2903,114.949,150.315,-39.3701,-121.271,143.993,31.2903,-121.271,143.993,-39.3701,-114.949,143.993,31.2903,-114.949,143.993,-39.3701,-121.271,150.315,-39.3701,-121.271,150.315,31.2903,-114.949,150.315,31.2903,-114.949,150.315,-39.3701,-114.949,143.993,31.2903,-114.949,150.315,-39.3701,-114.949,150.315,31.2903,-114.949,143.993,-39.3701,-121.271,143.993,31.2903,-121.271,150.315,-39.3701,-121.271,143.993,-39.3701,-121.271,150.315,31.2903,3.336,164.35,37.8188,3.336,164.35,31.1469,-3.33588,164.35,37.8188,-3.33588,164.35,31.1469,114.774,164.35,37.8188,121.446,164.35,37.8188,114.774,164.35,31.1469,121.446,164.35,31.1469,114.774,-164.35,37.8188,114.774,164.35,37.8188,114.774,164.35,31.1469,114.774,-164.35,31.1469,-121.446,164.35,37.8188,-114.774,164.35,37.8188,-121.446,164.35,31.147,-114.774,164.35,31.1469,1.18549,157.946,31.3252,1.18549,150.11,23.4884,-1.18538,157.946,31.3252,-1.18538,150.11,23.4884,1.18549,150.077,31.2792,1.18549,150.11,23.4884,1.18549,157.946,31.3252,-1.18538,150.077,31.2792,-1.18538,157.946,31.3252,-1.18538,150.11,23.4884,116.925,150.11,23.4884,119.296,157.946,31.3252,119.296,150.11,23.4884,116.925,157.946,31.3252,119.296,150.077,31.2792,119.296,150.11,23.4884,119.296,157.946,31.3252,116.925,150.077,31.2792,116.925,157.946,31.3252,116.925,150.11,23.4884,-116.925,157.946,31.3253,-119.296,150.11,23.4884,-119.296,157.946,31.3252,-116.925,150.11,23.4884,-116.925,150.077,31.2792,-116.925,150.11,23.4884,-116.925,157.946,31.3253,-119.296,150.077,31.2792,-119.296,157.946,31.3252,-119.296,150.11,23.4884,3.33589,-164.35,31.1469,3.336,164.35,31.1469,3.33589,-164.35,37.8188,3.336,164.35,37.8188,114.774,164.35,37.8188,121.446,-164.35,37.8188,121.446,164.35,37.8188,114.774,-164.35,37.8188,-157.48,150.323,45.6878,157.48,-150.323,45.6878,157.48,150.323,45.6878,-157.48,-150.323,45.6878,-157.48,-157.481,37.8138,157.48,157.481,37.8138,157.48,-157.481,37.8138,-157.48,157.481,37.8138,157.48,-150.323,45.6878,-157.48,-150.323,45.6878,157.48,-153.902,49.6248,-157.48,-153.902,49.6248,157.48,153.902,49.6248,-157.48,153.902,49.6248,-157.48,150.323,45.6878,157.48,150.323,45.6878,157.48,-157.481,49.6248,-157.48,-157.481,49.6248,-157.48,-157.481,37.8138,157.48,-157.481,37.8138,157.48,157.481,37.8138,-157.48,157.481,37.8138,157.48,157.481,49.6248,-157.48,157.481,49.6248,-157.48,-153.902,49.6248,157.48,-157.481,49.6248,157.48,-153.902,49.6248,-157.48,-157.481,49.6248,157.48,157.481,49.6248,-157.48,157.481,49.6248,-157.48,153.902,49.6248,157.48,153.902,49.6248]},"normal":{"type":"float32","components":3,