{"model":{"version":3,"nodes":[{"name":"RootNode","position":[0,0,0],"rotation":[0,0,0],"scale":[1,1,1],"scaleCompensation":false},{"name":"bg_plane","position":[0,0,0],"rotation":[2.50448e-06,-0,0],"scale":[1,1,1],"scaleCompensation":false}],"parents":[-1,0],"skins":[],"morphs":[],"vertices":[{"position":{"type":"float32","components":3,"data":[-130.223,48.6516,-0.528419,130.223,48.6516,-0.528419,-130.223,19.9452,-0.267446,130.223,19.9452,-0.267446,-130.223,19.9452,-0.267446,130.223,19.9452,-0.267446,-130.223,-1.50582e-08,-0.0861229,130.223,-1.50582e-08,-0.0861229,-130.223,250.884,-0.528427,130.223,48.6516,-0.528419,-130.223,48.6516,-0.528419,130.223,250.884,-0.528427,130.223,-230,-0.0861129,-130.223,-230,-0.0861129,-130.223,-1.50582e-08,-0.0861229,130.223,-1.50582e-08,-0.0861229]},"normal":{"type":"float32","components":3,"data":[1.27551e-10,-0.00909071,-0.999959,1.27551e-10,-0.00909071,-0.999959,1.27551e-10,-0.00909071,-0.999959,1.27551e-10,-0.00909071,-0.999959,4.58951e-11,-0.00909071,-0.999959,4.58951e-11,-0.00909071,-0.999959,4.58951e-11,-0.00909071,-0.999959,4.58951e-11,-0.00909071,-0.999959,1.44851e-10,-4.36205e-08,-1,1.44851e-10,-4.36205e-08,-1,1.44851e-10,-4.36205e-08,-1,1.44851e-10,-4.36205e-08,-1,0,-4.37317e-08,-1,0,-4.37317e-08,-1,0,-4.37317e-08,-1,0,-4.37317e-08,-1]},"color":{"type":"uint8","components":4,"data":[255,255,255,255,255,255,255,255,255,255,255,255,255,255,255,255,255,255,255,255,255,255,255,255,255,255,255,255,255,255,255,255,255,255,255,255,255,255,255,255,255,255,255,255,255,255,255,255,255,255,255,255,255,255,255,255,255,255,255,255,255,255,255,255]},"texCoord0":{"type":"float32","components":2,"data":[0.491859,0.621123,0.491859,0.668901,0.471444,0.621123,0.471444,0.668901,0.471444,0.621123,0.471444,0.668901,0.463755,0.621123,0.463755,0.668901,0.491859,0.621123,0.491859,0.668901,0.491859,0.621123,0.491859,0.668901,0.463755,0.668901,0.463755,0.621123,0.463755,0.621123,0.463755,0.668901]}}],"meshes":[{"aabb":{"min":[-130.223,-230,-0.528427],"max":[130.223,250.884,-0.0861129]},"vertices":0,"indices":[0,1,2,3,2,1,4,5,6,7,6,5,8,9,10,9,8,11,12,13,14,12,14,15],"type":"triangles","base":0,"count":24}],"meshInstances":[{"node":1,"mesh":0}]}}