{"model":{"version":2,"nodes":[{"name":"RootNode","position":[0,0,0],"rotation":[0,0,0],"scale":[1,1,1]},{"name":"Object001","position":[0,0,0],"rotation":[-90,-0,0],"scale":[0.0254,0.0254,0.0254]}],"parents":[-1,0],"skins":[],"vertices":[{"position":{"type":"float32","components":3,"data":[-0.0787315,-10.0477,3.83512,-8.0001,-6.64675,-2.79693,0.281448,-10.3749,-2.79693,-9.88783,8.9186,-2.79693,2.78503,9.18442,0.837851,2.32392,10.6153,-2.79693,0.25568,-2.43519,8.26655,7.28376,-10.6153,3.9861,5.66878,5.36037,8.778,-9.88783,8.9186,-2.79693,-6.60685,2.0886,7.43782,5.66878,5.36037,8.778,-11.8068,2.33387,-2.79693,-8.0001,-6.64675,-2.79693,-6.56843,-6.22008,4.16748,5.66878,5.36037,8.778,7.28376,-10.6153,3.9861,10.1077,3.62467,2.59937,2.32392,10.6153,-2.79693,2.78503,9.18442,0.837851,10.1077,3.62467,2.59937,7.28376,-10.6153,3.9861,0.25568,-2.43519,8.26655,-0.0787315,-10.0477,3.83512,-11.8068,2.33387,-2.79693,-6.60685,2.0886,7.43782,-9.88783,8.9186,-2.79693,10.1077,3.62467,2.59937,7.28376,-10.6153,3.9861,10.7284,-8.84075,-2.79693,10.7284,-8.84075,-2.79693,11.8068,4.9891,-2.79693,10.1077,3.62467,2.59937,10.1077,3.62467,2.59937,11.8068,4.9891,-2.79693,2.32392,10.6153,-2.79693,-0.0787315,-10.0477,3.83512,0.281448,-10.3749,-2.79693,7.28376,-10.6153,3.9861,7.28376,-10.6153,3.9861,0.281448,-10.3749,-2.79693,10.7284,-8.84075,-2.79693,-6.60685,2.0886,7.43782,-6.56843,-6.22008,4.16748,0.25568,-2.43519,8.26655,5.66878,5.36037,8.778,-6.60685,2.0886,7.43782,0.25568,-2.43519,8.26655,5.66878,5.36037,8.778,10.1077,3.62467,2.59937,2.78503,9.18442,0.837851,2.78503,9.18442,0.837851,-9.88783,8.9186,-2.79693,5.66878,5.36037,8.778,-6.56843,-6.22008,4.16748,-6.60685,2.0886,7.43782,-11.8068,2.33387,-2.79693,0.25568,-2.43519,8.26655,-6.56843,-6.22008,4.16748,-0.0787315,-10.0477,3.83512,-0.0787315,-10.0477,3.83512,-6.56843,-6.22008,4.16748,-8.0001,-6.64675,-2.79693]},"normal":{"type":"float32","components":3,"data":[-0.410396,-0.911625,0.0226918,-0.410396,-0.911625,0.0226918,-0.410396,-0.911625,0.0226918,-0.127448,0.917291,0.377273,-0.127448,0.917291,0.377273,-0.127448,0.917291,0.377273,0.27355,-0.25087,0.928566,0.27355,-0.25087,0.928566,0.27355,-0.25087,0.928566,-0.267215,0.759802,0.592704,-0.267215,0.759802,0.592704,-0.267215,0.759802,0.592704,-0.900467,-0.381694,0.208492,-0.900467,-0.381694,0.208492,-0.900467,-0.381694,0.208492,0.794704,-0.0992807,0.598824,0.794704,-0.0992807,0.598823,0.794704,-0.0992807,0.598823,0.548127,0.79963,0.24525,0.548127,0.79963,0.24525,0.548127,0.79963,0.24525,-0.056296,-0.500444,0.863937,-0.0562959,-0.500444,0.863937,-0.0562959,-0.500444,0.863937,-0.860594,0.250806,0.443255,-0.860594,0.250806,0.443255,-0.860594,0.250806,0.443255,0.89722,-0.137046,0.41978,0.89722,-0.137046,0.41978,0.89722,-0.137046,0.41978,0.956422,-0.0745833,0.282301,0.956422,-0.0745833,0.282301,0.956422,-0.0745833,0.282301,0.477271,0.804438,0.353682,0.477271,0.804438,0.353682,0.477271,0.804438,0.353682,-0.077701,-0.995964,0.0449214,-0.077701,-0.995964,0.0449214,-0.077701,-0.995964,0.0449214,0.142872,-0.97287,-0.181964,0.142872,-0.97287,-0.181964,0.142872,-0.97287,-0.181964,-0.334272,-0.346525,0.87646,-0.334272,-0.346525,0.87646,-0.334272,-0.346525,0.87646,-0.111796,0.0124365,0.993653,-0.111796,0.0124365,0.993653,-0.111796,0.0124365,0.993653,0.56665,0.803765,0.181301,0.56665,0.803765,0.181301,0.56665,0.803765,0.181301,-0.154019,0.86718,0.473579,-0.154019,0.86718,0.473579,-0.154019,0.86718,0.473579,-0.878984,-0.178163,0.442318,-0.878984,-0.178163,0.442318,-0.878984,-0.178163,0.442318,-0.24018,-0.480462,0.843487,-0.24018,-0.480462,0.843487,-0.24018,-0.480462,0.843487,-0.496061,-0.854463,0.154323,-0.496061,-0.854463,0.154323,-0.496061,-0.854463,0.154323]},"color":{"type":"uint8","components":4,"data":[30,23,14,255,29,22,14,255,30,23,14,255,31,24,15,255,31,24,14,255,30,23,14,255,71,55,36,255,81,61,39,255,51,42,26,255,39,31,19,255,40,32,20,255,40,32,20,255,29,23,14,255,29,23,14,255,30,23,14,255,45,37,23,255,45,37,23,255,44,35,22,255,36,29,17,255,37,30,18,255,37,29,18,255,52,41,26,255,53,41,27,255,52,41,26,255,31,24,15,255,32,25,15,255,31,24,15,255,44,35,21,255,46,36,22,255,44,35,22,255,29,22,14,255,28,21,13,255,29,22,13,255,28,22,13,255,27,21,12,255,27,21,13,255,46,35,23,255,46,35,22,255,47,36,23,255,35,26,16,255,34,26,16,255,33,25,16,255,49,39,24,255,48,39,24,255,50,40,25,255,52,42,26,255,56,44,28,255,70,55,35,255,49,40,25,255,47,39,24,255,48,39,24,255,46,37,22,255,47,37,23,255,48,38,23,255,32,25,15,255,32,25,15,255,31,24,15,255,65,51,33,255,64,50,32,255,64,50,32,255,33,26,16,255,33,25,16,255,32,25,15,255]},"texCoord0":{"type":"float32","components":2,"data":[0.556342,0.153021,0.412143,0.194531,0.536624,0.102533,0.485394,0.305927,0.566828,0.341731,0.52671,0.414938,0.568441,0.225389,0.632893,0.145697,0.597715,0.282887,0.485394,0.305927,0.526801,0.257823,0.597715,0.282887,0.480391,0.276656,0.412143,0.194531,0.510829,0.204149,0.597715,0.282887,0.632893,0.145697,0.664967,0.299768,0.52671,0.414938,0.566828,0.341731,0.664967,0.299768,0.632893,0.145697,0.568441,0.225389,0.556342,0.153021,0.480391,0.276656,0.526801,0.257823,0.485394,0.305927,0.664967,0.299768,0.632893,0.145697,0.701794,0.117346,0.7767,0.806829,0.800917,0.941674,0.730928,0.937451,0.730928,0.937451,0.800917,0.941674,0.863966,0.99532,0.556342,0.153021,0.536624,0.102533,0.632893,0.145697,0.632893,0.145697,0.536624,0.102533,0.701794,0.117346,0.526801,0.257823,0.510829,0.204149,0.568441,0.225389,0.597715,0.282887,0.526801,0.257823,0.568441,0.225389,0.597715,0.282887,0.664967,0.299768,0.566828,0.341731,0.566828,0.341731,0.485394,0.305927,0.597715,0.282887,0.510829,0.204149,0.526801,0.257823,0.480391,0.276656,0.568441,0.225389,0.510829,0.204149,0.556342,0.153021,0.556342,0.153021,0.510829,0.204149,0.412143,0.194531]}}],"meshes":[{"aabb":{"min":[-11.8068,-10.6153,-2.79693],"max":[11.8068,10.6153,8.778]},"vertices":0,"indices":[0,1,2,3,4,5,6,7,8,9,10,11,12,13,14,15,16,17,18,19,20,21,22,23,24,25,26,27,28,29,30,31,32,33,34,35,36,37,38,39,40,41,42,43,44,45,46,47,48,49,50,51,52,53,54,55,56,57,58,59,60,61,62],"type":"triangles","base":0,"count":63}],"meshInstances":[{"node":1,"mesh":0}]}}