{"model":{"version":3,"nodes":[{"name":"RootNode","position":[0,0,0],"rotation":[0,0,0],"scale":[1,1,1],"scaleCompensation":false},{"name":"bg_cloud_2","position":[0,0,0],"rotation":[9.33467e-06,-1.27222e-14,1.27222e-14],"scale":[1,1,1],"scaleCompensation":false}],"parents":[-1,0],"skins":[],"morphs":[],"vertices":[{"position":{"type":"float32","components":3,"data":[-12.2309,2.99814,5.75427e-05,5.28091,7.87609,-9.6401e-06,11.247,2.26895,-3.26664e-05,-6.23168,8.27383,3.03788e-05,17.2131,-3.3382,-5.56927e-05,-1.39681,-2.7813,1.80256e-05,11.247,2.26895,-3.26664e-05,-0.673492,9.32006,1.06343e-05,0.472017,10.4099,9.43309e-07,3.45397,9.13758,-3.91199e-06,-0.705462,10.5866,1.3089e-05,5.28091,7.87609,-9.6401e-06,-0.673492,9.32006,1.06343e-05,3.45397,9.13758,-3.91199e-06,-16.0288,7.62461,3.32015e-05,-13.9227,5.23081,4.66502e-05,-17.8108,5.62254,4.37379e-05,-18.7685,2.85021,5.9024e-05,-13.9227,5.23081,4.66502e-05,-13.5332,8.8441,2.72132e-05,-10.6113,9.16125,3.41921e-05,-16.0288,7.62461,3.32015e-05,-12.2309,2.99814,5.75427e-05,-8.17245,8.84854,3.248e-05,-6.23168,8.27383,3.03788e-05,-13.9227,5.23081,4.66502e-05,-18.67,-0.0347095,7.34511e-05,-13.9227,5.23081,4.66502e-05,-12.2309,2.99814,5.75427e-05,-18.2301,-2.27756,8.47066e-05,11.247,2.26895,-3.26664e-05,7.23738,9.35687,4.54969e-06,13.0654,4.91594,-2.24161e-05,5.28091,7.87609,-9.6401e-06,18.4905,-0.62599,-4.7773e-05,11.247,2.26895,-3.26664e-05,13.0654,4.91594,-2.24161e-05,17.2131,-3.3382,-5.56927e-05,13.0654,4.91594,-2.24161e-05,7.23738,9.35687,4.54969e-06,9.44968,10.0492,5.72564e-06,18.4905,-0.62599,-4.7773e-05,13.0654,4.91594,-2.24161e-05,19.0799,1.79292,-3.3871e-05,14.9087,6.89905,-1.18229e-05,11.2862,9.9997,6.36081e-06,13.7248,9.31885,-2.1129e-06,16.1364,8.19548,-6.85721e-06,17.7208,6.27162,-1.06669e-05,14.9087,6.89905,-1.18229e-05,16.1364,8.19548,-6.85721e-06,19.0318,3.23511,-2.68117e-05,12.7059,-7.50704,-5.50416e-05,-1.39681,-2.7813,1.80256e-05,15.9548,-5.02474,-5.53934e-05,11.247,2.26895,-3.26664e-05,-1.39681,-2.7813,1.80256e-05,-12.2309,2.99814,5.75427e-05,8.74522,-9.38253,-5.46209e-05,-1.39681,-2.7813,1.80256e-05,12.7059,-7.50704,-5.50416e-05,2.7365,-11.1492,-5.43065e-05,-1.39681,-2.7813,1.80256e-05,8.74522,-9.38253,-5.46209e-05,-2.56426,-11.4378,-5.42553e-05,-1.39681,-2.7813,1.80256e-05,2.7365,-11.1492,-5.43065e-05,-9.66683,-9.80584,-5.45449e-05,-1.39681,-2.7813,1.80256e-05,-2.56426,-11.4378,-5.42553e-05,-13.7835,-7.41697,-5.41704e-05,-1.39681,-2.7813,1.80256e-05,-9.66683,-9.80584,-5.45449e-05,-1.39681,-2.7813,1.80256e-05,-16.8987,-4.62129,1.21232e-05,-18.2301,-2.27756,8.47066e-05,-12.2309,2.99814,5.75427e-05,-1.39681,-2.7813,1.80256e-05,-18.2301,-2.27756,8.47066e-05,13.0654,4.91594,-2.24161e-05,19.0318,3.23511,-2.68117e-05,19.0799,1.79292,-3.3871e-05,14.9087,6.89905,-1.18229e-05,13.0654,4.91594,-2.24161e-05,11.2862,9.9997,6.36081e-06,14.9087,6.89905,-1.18229e-05,9.44968,10.0492,5.72564e-06,-8.17245,8.84854,3.248e-05,-13.9227,5.23081,4.66502e-05,-10.6113,9.16125,3.41921e-05,-13.9227,5.23081,4.66502e-05,-18.67,-0.0347095,7.34511e-05,-18.7685,2.85021,5.9024e-05,-0.673492,9.32006,1.06343e-05,-2.08168,10.5604,2.3094e-05,-0.705462,10.5866,1.3089e-05,-4.70304,9.49821,2.48356e-05,5.28091,7.87609,-9.6401e-06,-6.23168,8.27383,3.03788e-05,-0.673492,9.32006,1.06343e-05,-4.70304,9.49821,2.48356e-05,15.9548,-5.02474,-5.53934e-05,-1.39681,-2.7813,1.80256e-05,17.2131,-3.3382,-5.56927e-05,-16.8987,-4.62129,1.21232e-05,-1.39681,-2.7813,1.80256e-05,-13.7835,-7.41697,-5.41704e-05]},"normal":{"type":"float32","components":3,"data":[-3.73369e-06,-3.68822e-07,-1,-3.73369e-06,-3.68822e-07,-1,-3.73369e-06,-3.68822e-07,-1,-3.73369e-06,-3.68822e-07,-1,-3.96459e-06,-1.11784e-07,-1,-3.96459e-06,-1.11784e-07,-1,-3.96459e-06,-1.11784e-07,-1,-5.25933e-06,-3.36427e-06,-1,-5.25933e-06,-3.36427e-06,-1,-5.25933e-06,-3.36427e-06,-1,-5.25933e-06,-3.36427e-06,-1,-3.55088e-06,-6.01791e-07,-1,-3.55088e-06,-6.01791e-07,-1,-3.55088e-06,-6.01791e-07,-1,1.92954e-07,-5.51926e-06,-1,1.92954e-07,-5.51926e-06,-1,1.92954e-07,-5.51926e-06,-1,1.92954e-07,-5.51926e-06,-1,1.76258e-06,-5.56929e-06,-1,1.76258e-06,-5.56929e-06,-1,1.76258e-06,-5.56929e-06,-1,1.76258e-06,-5.56929e-06,-1,-5.79801e-07,-3.88171e-06,-1,-5.79801e-07,-3.88171e-06,-1,-5.79801e-07,-3.88171e-06,-1,-5.79801e-07,-3.88171e-06,-1,-1.14127e-07,-5.00305e-06,-1,-1.14127e-07,-5.00305e-06,-1,-1.14127e-07,-5.00305e-06,-1,-1.14127e-07,-5.00305e-06,-1,4.52822e-07,5.50679e-06,-1,4.52822e-07,5.50679e-06,-1,4.52822e-07,5.50679e-06,-1,4.52822e-07,5.50679e-06,-1,-5.93506e-07,3.73327e-06,-1,-5.93506e-07,3.73327e-06,-1,-5.93506e-07,3.73327e-06,-1,-5.93506e-07,3.73327e-06,-1,-9.70186e-07,4.79889e-06,-1,-9.70186e-07,4.79889e-06,-1,-9.70186e-07,4.79889e-06,-1,9.58431e-07,5.51372e-06,-1,9.58431e-07,5.51372e-06,-1,9.58431e-07,5.51372e-06,-1,-1.50676e-06,3.27557e-06,-1,-1.50676e-06,3.27557e-06,-1,-1.50676e-06,3.27557e-06,-1,-1.50676e-06,3.27557e-06,-1,1.50456e-06,4.90099e-06,-1,1.50456e-06,4.90099e-06,-1,1.50456e-06,4.90099e-06,-1,1.50456e-06,4.90099e-06,-1,-3.63454e-06,4.61522e-06,-1,-3.63454e-06,4.61522e-06,-1,-3.63454e-06,4.61522e-06,-1,-3.85434e-06,-3.87801e-07,-1,-3.85434e-06,-3.87801e-07,-1,-3.85434e-06,-3.87801e-07,-1,-3.07805e-06,6.27594e-06,-1,-3.07805e-06,6.27594e-06,-1,-3.07805e-06,6.27594e-06,-1,-2.26485e-06,7.52532e-06,-1,-2.26485e-06,7.52532e-06,-1,-2.26485e-06,7.52532e-06,-1,-4.67702e-07,8.41302e-06,-1,-4.67702e-07,8.41302e-06,-1,-4.67702e-07,8.41302e-06,-1,1.9004e-06,8.09365e-06,-1,1.9004e-06,8.09365e-06,-1,1.9004e-06,8.09365e-06,-1,3.50766e-06,6.20142e-06,-1,3.50766e-06,6.20142e-06,-1,3.50766e-06,6.20142e-06,-1,-3.08697e-06,2.92153e-05,-1,-3.08697e-06,2.92153e-05,-1,-3.08697e-06,2.92153e-05,-1,-3.97989e-06,-6.23155e-07,-1,-3.97989e-06,-6.23155e-07,-1,-3.97989e-06,-6.23155e-07,-1,6.23099e-07,4.82696e-06,-1,6.23099e-07,4.82696e-06,-1,6.23099e-07,4.82696e-06,-1,6.23099e-07,4.82696e-06,-1,6.49192e-08,5.68327e-06,-1,6.49192e-08,5.68327e-06,-1,6.49192e-08,5.68327e-06,-1,6.49192e-08,5.68327e-06,-1,-1.00035e-06,-2.32685e-06,-1,-1.00035e-06,-2.32685e-06,-1,-1.00035e-06,-2.32685e-06,-1,-9.51321e-08,-5.00411e-06,-1,-9.51321e-08,-5.00411e-06,-1,-9.51321e-08,-5.00411e-06,-1,-4.33372e-06,5.12503e-06,-1,-4.33372e-06,5.12503e-06,-1,-4.33372e-06,5.12503e-06,-1,-4.33372e-06,5.12503e-06,-1,-3.49908e-06,-2.829e-07,-1,-3.49908e-06,-2.829e-07,-1,-3.49908e-06,-2.829e-07,-1,-3.49908e-06,-2.829e-07,-1,-3.87993e-06,2.71734e-06,-1,-3.87993e-06,2.71734e-06,-1,-3.87993e-06,2.71734e-06,-1,-2.14956e-06,2.13177e-05,-1,-2.14956e-06,2.13177e-05,-1,-2.14956e-06,2.13177e-05,-1]},"texCoord0":{"type":"float32","components":2,