{"model":{"version":3,"nodes":[{"name":"RootNode","position":[0,0,0],"rotation":[0,0,0],"scale":[1,1,1],"scaleCompensation":false},{"name":"bg_cloud_3","position":[0,0,0],"rotation":[9.33467e-06,-1.27222e-14,1.27222e-14],"scale":[1,1,1],"scaleCompensation":false}],"parents":[-1,0],"skins":[],"morphs":[],"vertices":[{"position":{"type":"float32","components":3,"data":[1.85578,-0.0967823,-1.53777e-07,3.69898,-0.113487,-3.13454e-07,3.11036,-1.08413,-1.77139e-07,1.85578,-0.0967823,-1.53777e-07,2.06664,-1.91891,-1.29153e-08,0.568163,-1.10135,4.66124e-08,3.11036,-1.08413,-1.77139e-07,-0.808256,-0.418687,1.07263e-07,-0.0789547,1.75714,-1.46711e-07,0.684717,0.935534,-1.41647e-07,0.684717,0.935534,-1.41647e-07,0.568163,-1.10135,4.66124e-08,-0.808256,-0.418687,1.07263e-07,1.85578,-0.0967823,-1.53777e-07,0.684717,0.935534,-1.41647e-07,1.18623,1.45013,-2.30477e-07,1.85578,-0.0967823,-1.53777e-07,-0.808256,-0.418687,1.07263e-07,-0.854353,-2.31147,2.76765e-07,-2.30123,-1.77291,3.56172e-07,0.568163,-1.10135,4.66124e-08,-2.30123,-1.77291,3.56172e-07,-3.06717,-1.19518,3.72627e-07,0.568163,-1.10135,4.66124e-08,0.849474,-2.4068,1.36146e-07,-0.854353,-2.31147,2.76765e-07,2.06664,-1.91891,-1.29153e-08,2.79793,1.10797,-3.41464e-07,2.52668,2.06344,-4.0128e-07,3.21725,1.81995,-4.40366e-07,1.87146,1.97993,-3.36699e-07,-2.05088,0.976776,9.3901e-08,-0.901937,2.27167,-1.19746e-07,-0.0789547,1.75714,-1.46711e-07,-0.808256,-0.418687,1.07263e-07,-2.05088,0.976776,9.3901e-08,-0.808256,-0.418687,1.07263e-07,-3.06717,-1.19518,3.72627e-07,-3.5667,-0.411079,3.47748e-07,1.85578,-0.0967823,-1.53777e-07,2.79793,1.10797,-3.41464e-07,3.69898,-0.113487,-3.13454e-07,3.77293,0.83774,-4.03077e-07,2.79793,1.10797,-3.41464e-07,1.18623,1.45013,-2.30477e-07,1.87146,1.97993,-3.36699e-07,1.85578,-0.0967823,-1.53777e-07,3.58022,1.51223,-4.45196e-07,2.79793,1.10797,-3.41464e-07,3.21725,1.81995,-4.40366e-07,3.77293,0.83774,-4.03077e-07,-2.05088,0.976776,9.3901e-08,-3.44288,1.04601,2.09541e-07,-2.80199,2.14581,5.73648e-08,-3.5667,-0.411079,3.47748e-07,-2.05088,0.976776,9.3901e-08,-2.80199,2.14581,5.73648e-08,-1.89808,2.41371,-4.50779e-08,-0.901937,2.27167,-1.19746e-07]},"normal":{"type":"float32","components":3,"data":[-8.74228e-08,-8.74228e-08,-1,-8.74228e-08,-8.74228e-08,-1,-8.74228e-08,-8.74228e-08,-1,-8.74228e-08,-8.74228e-08,-1,-8.74228e-08,-8.74228e-08,-1,-8.74228e-08,-8.74228e-08,-1,-8.74228e-08,-8.74228e-08,-1,-8.74228e-08,-8.74228e-08,-1,-8.74228e-08,-8.74228e-08,-1,-8.74228e-08,-8.74228e-08,-1,-8.74228e-08,-8.74228e-08,-1,-8.74228e-08,-8.74228e-08,-1,-8.74228e-08,-8.74228e-08,-1,-8.74228e-08,-8.74228e-08,-1,-8.74228e-08,-8.74228e-08,-1,-8.74228e-08,-8.74228e-08,-1,-8.74228e-08,-8.74228e-08,-1,-8.74228e-08,-8.74228e-08,-1,-8.74228e-08,-8.74228e-08,-1,-8.74228e-08,-8.74228e-08,-1,-8.74228e-08,-8.74228e-08,-1,-8.74228e-08,-8.74228e-08,-1,-8.74228e-08,-8.74228e-08,-1,-8.74228e-08,-8.74228e-08,-1,-8.74228e-08,-8.74228e-08,-1,-8.74228e-08,-8.74228e-08,-1,-8.74228e-08,-8.74228e-08,-1,-8.74228e-08,-8.74227e-08,-1,-8.74228e-08,-8.74227e-08,-1,-8.74228e-08,-8.74227e-08,-1,-8.74228e-08,-8.74227e-08,-1,-8.74228e-08,-8.74228e-08,-1,-8.74228e-08,-8.74228e-08,-1,-8.74228e-08,-8.74228e-08,-1,-8.74228e-08,-8.74228e-08,-1,-8.74228e-08,-8.74228e-08,-1,-8.74228e-08,-8.74228e-08,-1,-8.74228e-08,-8.74228e-08,-1,-8.74228e-08,-8.74228e-08,-1,-8.74228e-08,-8.74228e-08,-1,-8.74228e-08,-8.74228e-08,-1,-8.74228e-08,-8.74228e-08,-1,-8.74228e-08,-8.74228e-08,-1,-8.74228e-08,-8.74228e-08,-1,-8.74228e-08,-8.74228e-08,-1,-8.74228e-08,-8.74228e-08,-1,-8.74228e-08,-8.74228e-08,-1,-8.74227e-08,-8.74228e-08,-1,-8.74227e-08,-8.74228e-08,-1,-8.74227e-08,-8.74228e-08,-1,-8.74227e-08,-8.74228e-08,-1,-8.74228e-08,-8.74228e-08,-1,-8.74228e-08,-8.74228e-08,-1,-8.74228e-08,-8.74228e-08,-1,-8.74228e-08,-8.74228e-08,-1,-8.74228e-08,-8.74228e-08,-1,-8.74228e-08,-8.74228e-08,-1,-8.74228e-08,-8.74228e-08,-1,-8.74228e-08,-8.74228e-08,-1]},"texCoord0":{"type":"float32","components":2,"data":[0.238024,0.640865,0.237134,0.630879,0.232126,0.634491,0.238024,0.640865,0.228053,0.640513,0.233136,0.648283,0.232126,0.634491,0.237435,0.65545,0.248916,0.650551,0.24413,0.646767,0.24413,0.646767,0.233136,0.648283,0.237435,0.65545,0.238024,0.640865,0.24413,0.646767,0.246702,0.643824,0.238024,0.640865,0.237435,0.65545,0.227192,0.656521,0.23074,0.664132,0.233136,0.648283,0.23074,0.664132,0.234205,0.668035,0.233136,0.648283,0.225936,0.647324,0.227192,0.656521,0.228053,0.640513,0.244147,0.635234,0.249446,0.63629,0.247826,0.632652,0.249277,0.639879,0.24554,0.661582,0.252063,0.65479,0.248916,0.650551,0.237435,0.65545,0.24554,0.661582,0.237435,0.65545,0.234205,0.668035,0.238673,0.670403,0.238024,0.640865,0.244147,0.635234,0.237134,0.630879,0.242259,0.630065,0.244147,0.635234,0.246702,0.643824,0.249277,0.639879,0.238024,0.640865,0.246,0.630817,0.244147,0.635234,0.247826,0.632652,0.242259,0.630065,0.24554,0.661582,0.24652,0.669099,0.252205,0.665147,0.238673,0.670403,0.24554,0.661582,0.252205,0.665147,0.253265,0.66013,0.252063,0.65479]}}],"meshes":[{"aabb":{"min":[-3.5667,-2.4068,-4.45196e-07],"max":[3.77293,2.41371,3.72627e-07]},"vertices":0,"indices":[0,1,2,3,4,5,4,3,6,7,8,9,10,11,12,11,10,13,14,15,16,17,18,19,18,17,20,21,22,7,23,24,25,24,23,26,27,28,29,28,27,30,31,32,33,33,34,31,35,36,37,35,37,38,39,40,41,41,40,42,43,44,45,44,43,46,47,48,49,50,48,47,51,52,53,52,51,54,55,56,57,55,57,58],"type":"triangles","base":0,"count":84}],"meshInstances":[{"node":1,"mesh":0}]}}