{"model":{"version":2,"nodes":[{"name":"RootNode","position":[0,0,0],"rotation":[0,0,0],"scale":[1,1,1]},{"name":"GeoSphere002","position":[0,0,0],"rotation":[-90,-0,0],"scale":[0.0254,0.0254,0.0254]}],"parents":[-1,0],"skins":[],"vertices":[{"position":{"type":"float32","components":3,"data":[7.86083,0.959684,14.6564,11.5323,0.159718,6.33705,3.52059,8.98342,14.4798,7.86083,0.959684,14.6564,3.52059,8.98342,14.4798,0.23533,2.65674,19.6307,7.86083,0.959684,14.6564,0.23533,2.65674,19.6307,0.834862,-3.38343,19.1405,7.86083,0.959684,14.6564,0.834862,-3.38343,19.1405,4.76881,-8.34968,13.5567,7.86083,0.959684,14.6564,4.76881,-8.34968,13.5567,11.5323,0.159718,6.33705,3.52059,8.98342,14.4798,7.16779,9.22338,6.22847,0.572052,11.7955,6.2271,-5.89925,5.91422,15.5748,-6.58101,9.96244,6.23286,-11.3455,3.97755,6.23375,-4.53727,-8.32392,14.2161,-11.5322,-3.38306,6.23502,-7.34843,-9.40359,6.23461,4.76881,-8.34968,13.5567,0.0631223,-11.7955,6.22626,8.48151,-7.97703,6.21619,7.16779,9.22338,6.22847,3.52059,8.98342,14.4798,11.5323,0.159718,6.33705,-6.58101,9.96244,6.23286,-5.89925,5.91422,15.5748,0.572052,11.7955,6.2271,0.572052,11.7955,6.2271,-5.89925,5.91422,15.5748,3.52059,8.98342,14.4798,-11.5322,-3.38306,6.23502,-7.19779,-3.27545,15.2733,-5.89925,5.91422,15.5748,-11.5322,-3.38306,6.23502,-5.89925,5.91422,15.5748,-11.3455,3.97755,6.23375,0.0631223,-11.7955,6.22626,4.76881,-8.34968,13.5567,-4.53727,-8.32392,14.2161,0.0631223,-11.7955,6.22626,-4.53727,-8.32392,14.2161,-7.34843,-9.40359,6.23461,11.5323,0.159718,6.33705,4.76881,-8.34968,13.5567,8.48151,-7.97703,6.21619,0.572052,11.7955,6.2271,7.16779,9.22338,6.22847,0.58382,-0.185067,13.0169,-11.3455,3.97755,6.23375,-6.58101,9.96244,6.23286,0.58382,-0.185067,13.0169,-7.34843,-9.40359,6.23461,-11.5322,-3.38306,6.23502,0.58382,-0.185067,13.0169,8.48151,-7.97703,6.21619,0.0631223,-11.7955,6.22626,0.58382,-0.185067,13.0169,7.16779,9.22338,6.22847,11.5323,0.159718,6.33705,0.58382,-0.185067,13.0169,-6.58101,9.96244,6.23286,0.572052,11.7955,6.2271,0.58382,-0.185067,13.0169,-11.5322,-3.38306,6.23502,-11.3455,3.97755,6.23375,0.58382,-0.185067,13.0169,0.0631223,-11.7955,6.22626,-7.34843,-9.40359,6.23461,0.58382,-0.185067,13.0169,11.5323,0.159718,6.33705,8.48151,-7.97703,6.21619,0.58382,-0.185067,13.0169,4.56557,-0.231692,11.7053,5.79452,0.0597671,-4.19134,2.81753,2.99209,11.6739,3.15152,4.53569,-4.27596,3.1936,-3.25146,11.8541,5.79452,0.0597671,-4.19134,4.56557,-0.231692,11.7053,3.75465,-4.35311,-4.19329,-0.154733,-4.10286,12.0271,-1.08608,-5.38566,-4.2644,3.1936,-3.25146,11.8541,3.75465,-4.35311,-4.19329,-3.18144,-1.1587,12.0625,-4.93947,-1.21267,-4.37493,-0.154733,-4.10286,12.0271,-1.08608,-5.38566,-4.2644,-1.36478,3.11346,11.8585,-4.93947,-1.21267,-4.37493,-3.18144,-1.1587,12.0625,-2.50785,4.3956,-4.38687,2.81753,2.99209,11.6739,3.15152,4.53569,-4.27596,-1.36478,3.11346,11.8585,-2.50785,4.3956,-4.38687,3.52059,8.98342,14.4798,-5.89925,5.91422,15.5748,0.23533,2.65674,19.6307,-5.89925,5.91422,15.5748,-7.19779,-3.27545,15.2733,0.23533,2.65674,19.6307,0.834862,-3.38343,19.1405,-4.53727,-8.32392,14.2161,4.76881,-8.34968,13.5567,-11.5322,-3.38306,6.23502,-4.53727,-8.32392,14.2161,-7.19779,-3.27545,15.2733,-7.19779,-3.27545,15.2733,0.834862,-3.38343,19.1405,0.23533,2.65674,19.6307,-7.19779,-3.27545,15.2733,-4.53727,-8.32392,14.2161,0.834862,-3.38343,19.1405]},"normal":{"type":"float32","components":3,"data":[0.829644,0.455869,0.322295,0.829644,0.455869,0.322295,0.829644,0.455869,0.322295,0.566442,0.32309,0.758127,0.566442,0.32309,0.758127,0.566442,0.32309,0.758127,0.544099,-0.0140678,0.838903,0.544099,-0.0140678,0.838903,0.544099,-0.0140678,0.838903,0.637081,-0.29569,0.711825,0.637081,-0.29569,0.711825,0.637081,-0.29569,0.711825,0.851189,-0.330848,0.407451,0.851189,-0.330848,0.407451,0.851189,-0.330848,0.407451,0.357056,0.91569,0.184453,0.357056,0.91569,0.184453,0.357056,0.91569,0.184453,-0.74359,0.592008,0.310807,-0.74359,0.592008,0.310807,-0.74359,0.592008,0.310807,-0.771041,-0.535839,0.344052,-0.771041,-0.535839,0.344052,-0.771041,-0.535839,0.344052,0.407876,-0.89879,0.160668,0.407876,-0.89879,0.160668,0.407876,-0.89879,0.160668,0.831814,0.405092,0.379454,0.831814,0.405092,0.379454,0.831814,0.405092,0.379454,-0.227096,0.887424,0.40113,-0.227096,0.887424,0.40113,-0.227096,0.887424,0.40113,-0.244023,0.887994,0.38977,-0.244023,0.887994,0.38977,-0.244023,0.887994,0.38977,-0.896461,0.112614,0.428573,-0.896461,0.112614,0.428573,-0.896461,0.112614,0.428573,-0.865659,0.0220489,0.500149,-0.865659,0.0220489,0.500149,-0.865659,0.0220489,0.500149,0.0266165,-0.911147,0.411222,0.0266165,-0.911147,0.411222,0.0266165,-0.911147,0.411222,-0.298631,-0.926125,0.230459,-0.298631,-0.926125,0.230459,-0.298631,-0.926125,0.230459,0.850452,-0.325007,0.413645,0.850452,-0.325007,0.413645,0.850452,-0.325007,0.413645,-0.188701,-0.484339,-0.854288,-0.188701,-0.484339,-0.854288,-0.188701,-0.484339,-0.854288,0.386764,-0.308026,-0.869214,0.386764,-0.308026,-0.869214,0.386764,-0.308026,-0.869214,0.409845,0.284871,-0.866531,0.409845,0.284871,-0.866531,0.409845,0.284871,-0.866531,-0.227439,0.499211,-0.836098,-0.227439,0.499211,-0.836098,-0.227439,0.499211,-0.836098,-0.498545,-0.250009,-0.830029,-0.498545,-0.250009,-0.830029,-0.498545,-0.250009,-0.830029,0.12465,-0.489119,-0.863264,0.12465,-0.489119,-0.863264,0.12465,-0.489119,-0.863264,0.490926,-0.0126061,-0.87111,0.490926,-0.0126061,-0.87111,0.490926,-0.0126061,-0.87111,0.158211,0.493208,-0.855404,0.158211,0.493207,-0.855404,0.158211,0.493207,-0.855404,-0.514448,0.205251,-0.832596,-0.514448,0.205251,-0.832596,-0.514448,0.205251,-0.832596,0.866016,0.494947,0.0710214,0.866016,0.494947,0.0710214,0.866016,0.494947,0.0710214,0.866016,0.494947,0.0710214,0.907569,-0.415392,0.0613918,0.907569,-0.415392,0.0613918,0.907569,-0.415392,0.0613918,0.907569,-0.415392,0.0613918,0.224482,-0.972025,0.0691003,0.224482,-0.972025,0.0691003,0.224482,-0.972025,0.0691003,0.224482,-0.972025,0.0691003,-0.716703,-0.691911,0.0871523,-0.716703,-0.691911,0.0871523,-0.716703,-0.691911,0.0871523,-0.716703,-0.691911,0.0871523,-0.913679,0.394951,0.0959446,-0.913679,0.394951,0.0959446,-0.913679,0.394951,0.0959446,-0.913679,0.394951,0.0959447,-0.00123954,0.996167,0.0874635,-0.00123954,0.996167,0.0874635,-0.00123954,0.996167,0.0874635,-0.00123954,0.996167,0.0874635,-0.131692,0.666092,0.734152,-0.131692,0.666092,0.734152,-0.131692,0.666092,0.734152,-0.533167,0.047628,0.844669,-0.533167,0.047628,0.844669,-0.533167,0.047628,0.844669,0.0462963,-0.73,0.681877,0.0462963,-0.73,0.681877,0.0462963,-0.73,0.681877,-0.782577,-0.49223,0.38116,-0.782577,-0.49223,0.38116,-0.782577,-0.49223,0.38116,-0.432145,-0.115469,0.894381,-0.432145,-0.115469,0.894381,-0.432145,-0.115469,0.894381,-0.404269,-0.386623,0.828909,-0.404269,-0.386623,0.828909,-0.404269,-0.386623,0.828909]},"color":{"type":"uint8","components":4,