{
	"point18":{"x":639.95,"y":359.95},
"point11":{"x":367,"y":345.1},
"point6":{"x":270.6,"y":330.5},
"point19":{"x":599.45,"y":227},
"point21":{"x":618.9,"y":108.8},
"point15":{"x":480.25,"y":83.2},
"point14":{"x":377.95,"y":95.05},
"point9":{"x":270.6,"y":42.35},
"point8":{"x":190,"y":117},
"point20":{"x":694.15,"y":196.4},
"point16":{"x":534.75,"y":237.4},
"point2":{"x":49,"y":129},
"point7":{"x":206.4,"y":245.15},
"point13":{"x":425.8,"y":188.2},
"point4":{"x":111.4,"y":188.2},
"point3":{"x":122,"y":80},
"point10":{"x":280.45,"y":181.9},
"point17":{"x":569.35,"y":337.4},
"point12":{"x":472.35,"y":360.35},
"point5":{"x":163.4,"y":354.95},
"point1":{"x":40.55,"y":233},
"point0":{"x":40.55,"y":369},
	"bike1":{
"driver_head":{"x":-1.8,"y":-59.5,"r":14.998931884765625,"g":"driver_head1"},
"driver_forearm":{"x":8.8,"y":-33.35,"r":11.00091552734375,"g":"driver_forearm1"},
"driver_arm":{"x":-4.25,"y":-39.4,"r":44.99913024902344,"g":"driver_arm1"},
"driver_shin":{"x":-1.8,"y":-2.7,"r":3.0003509521484375,"g":"driver_shin1"},
"driver_hip":{"x":-7.4,"y":-18.5,"r":29.9998779296875,"g":"driver_hip1"},
"driver_corpse":{"x":-8.35,"y":-33.75,"r":15.732131958007812,"g":"driver_corpse1"},
"suspend_front":{"x":46,"y":16,"r":63.00018310546875,"g":"suspend_front1"},
"base":{"x":0,"y":0,"r":0,"g":"bike_1_base"},
"suspend_back":{"x":-6,"y":12,"r":169.69569396972656,"g":"suspend_back1"},
"Wheel0":{"x":-35,"y":17,"r":0,"g":"Wheel_1_0"},
"Wheel1":{"x":44,"y":17,"r":0,"g":"Wheel_1_0"}
},
	"bike2":{
"driver_head":{"x":-1.8,"y":-59.5,"r":14.998931884765625,"g":"driver_head2"},
"driver_forearm":{"x":8.8,"y":-33.35,"r":11.00091552734375,"g":"driver_forearm2"},
"driver_arm":{"x":-4.25,"y":-39.4,"r":44.99913024902344,"g":"driver_arm2"},
"driver_shin":{"x":-1.8,"y":-2.7,"r":3.0003509521484375,"g":"driver_shin2"},
"driver_hip":{"x":-7.4,"y":-18.5,"r":29.9998779296875,"g":"driver_hip2"},
"driver_corpse":{"x":-8.35,"y":-33.75,"r":15.732131958007812,"g":"driver_corpse2"},
"base":{"x":0,"y":0,"r":0,"g":"bike_2_base"},
"suspend_front":{"x":46,"y":16,"r":63.00018310546875,"g":"suspend_front2"},
"Wheel0":{"x":46.5,"y":15.4,"r":0,"g":"Wheel_2_0"},
"Wheel1":{"x":-31.75,"y":15.9,"r":0,"g":"Wheel_2_0"}
},
"bike3":{
"driver_head":{"x":-1.8,"y":-59.5,"r":14.998931884765625,"g":"driver_head3"},
"driver_forearm":{"x":8.8,"y":-33.35,"r":11.00091552734375,"g":"driver_forearm3"},
"driver_arm":{"x":-4.25,"y":-39.4,"r":44.99913024902344,"g":"driver_arm3"},
"driver_shin":{"x":-1.8,"y":-2.7,"r":3.0003509521484375,"g":"driver_shin3"},
"driver_hip":{"x":-7.4,"y":-18.5,"r":29.9998779296875,"g":"driver_hip3"},
"driver_corpse":{"x":-8.35,"y":-33.75,"r":15.732131958007812,"g":"driver_corpse3"},
"base":{"x":0,"y":0,"r":0,"g":"bike_3_base"},
"suspend_front":{"x":50.2,"y":22.9,"r":63.00018310546875,"g":"suspend_front3"},
"suspend_back":{"x":-6,"y":12,"r":154.69622802734375,"g":"suspend_back3"},
"Wheel0":{"x":-32,"y":24.3,"r":0,"g":"Wheel_3_0"},
"Wheel1":{"x":50.8,"y":23.2,"r":0,"g":"Wheel_3_0"}
},
	"bike5":{
"driver_head":{"x":-1.8,"y":-59.5,"r":14.998931884765625,"g":"driver_head5"},
"driver_forearm":{"x":8.8,"y":-33.35,"r":11.00091552734375,"g":"driver_forearm5"},
"driver_arm":{"x":-4.25,"y":-39.4,"r":44.99913024902344,"g":"driver_arm5"},
"driver_shin":{"x":-1.8,"y":-2.7,"r":3.0003509521484375,"g":"driver_shin5"},
"driver_hip":{"x":-7.4,"y":-18.5,"r":29.9998779296875,"g":"driver_hip5"},
"driver_corpse":{"x":-8.35,"y":-33.75,"r":15.732131958007812,"g":"driver_corpse5"},
"suspend_front":{"x":46,"y":16,"r":63.00018310546875,"g":"suspend_front5"},
"base":{"x":0,"y":0,"r":0,"g":"bike_5_base"},
"suspend_back":{"x":-6,"y":12,"r":169.69569396972656,"g":"suspend_back5"},
"Wheel0":{"x":-34,"y":17,"r":0,"g":"Wheel_5_0"},
"Wheel1":{"x":45,"y":17,"r":0,"g":"Wheel_5_0"}
},
	"bike11": {
		"driver_head": {
			"x": 20.1,
			"y": -56.55,
			"r": 47.00189208984375,
			"g": "driver_head1"
		},
		"driver_forearm": {
			"x": 19,
			"y": -31.5,
			"r": 25.82525634765625,
			"g": "driver_forearm1"
		},
		"driver_arm": {
			"x": 7.9,
			"y": -40.7,
			"r": 59.82405090332031,
			"g": "driver_arm1"
		},
		"driver_shin": {
			"x": -34.45,
			"y": -48.55,
			"r": 117.83747863769531,
			"g": "driver_shin1"
		},
		"driver_hip": {
			"x": -17.8,
			"y": -47.95,
			"r": 144.83595275878906,
			"g": "driver_hip1"
		},
		"driver_corpse": {
			"x": -1.15,
			"y": -46.8,
			"r": 100.73109436035156,
			"g": "driver_corpse1"
		},
		"suspend_front": {
			"x": 40.35,
			"y": 26.75,
			"r": 78.82647705078125,
			"g": "suspend_front1"
		},
		"base": {
			"x": 0.5,
			"y": -1.2,
			"r": 15.826858520507812,
			"g": "bike_1_base"
		},
		"suspend_back": {
			"x": -8.5,
			"y": 8.7,
			"r": -174.4778289794922,
			"g": "suspend_back1"
		},
		"Wheel0": {
			"x": -37.8,
			"y": 5.6,
			"r": 15.826858520507812,
			"g": "Wheel_1_0"
		},
		"Wheel1": {
			"x": 38.15,
			"y": 27.15,
			"r": 15.826858520507812,
			"g": "Wheel_1_0"
		}
	},
	"Plank0": {
		"shape": "rect",
		"h": 17.3,
		"w": 71.1
	},
	"PlankBone": {
		"shape": "rect",
		"h": 12,
		"w": 85
	},
	"PlankCandy": {
		"shape": "rect",
		"h": 18,
		"w": 85
	},
	"Tnt1": {
		"h": 52.8,
		"shape": "rect",
		"w": 52.8
	},
	"EggE": {
		"h": 44,
		"shape": "circ",
		"w": 44
	},
	"BarrelE": {
		"h": 52.1,
		"shape": "circ",
		"w": 52.1
	},
	"SpikesE": {
		"h": 29.5,
		"shape": "rect",
		"w": 116.8
	},
	"Removed0": {
		"h": 70.1,
		"shape": "rect",
		"w": 10.2
	},
	"Removed1": {
		"h": 47.7,
		"shape": "rect",
		"w": 10.2
	},
	"Glass0": {
		"w": 64,
		"shape": "rect",
		"h": 16
	},
	"Glass1": {
		"w": 128,
		"shape": "rect",
		"h": 16
	},
	"GlassCrashed0": {
		"w": 128,
		"shape": "rect",
		"h": 16,
		"pts": [{
				"x": -47,
				"y": -6
			},
			{
				"x": -35,
				"y": 2
			},
			{
				"x": 13,
				"y": 2
			},
			{
				"x": 48,
				"y": 2
			},
			{
				"x": 47,
				"y": -4
			},
			{
				"x": 4,
				"y": -4
			}
		]
	},
	"GlassCrashed1": {
		"w": 64,
		"shape": "rect",
		"h": 16,
		"pts": [{
				"x": -23,
				"y": -6
			},
			{
				"x": -17,
				"y": 2
			},
			{
				"x": 7,
				"y": 2
			},
			{
				"x": 25,
				"y": 2
			},
			{
				"x": 24,
				"y": -4
			},
			{
				"x": 3,
				"y": -4
			}
		]
	}
}