{"model":{"version":2,"nodes":[{"name":"RootNode","position":[0,0,0],"rotation":[0,0,0],"scale":[1,1,1]},{"name":"Object002","position":[0,0,0],"rotation":[-90,-0,0],"scale":[0.0254,0.0254,0.0254]}],"parents":[-1,0],"skins":[],"vertices":[{"position":{"type":"float32","components":3,"data":[-8.50175,-7.80839,-3.77925,0.997692,-4.4752,9.79815,-3.79297,1.17056,10.0732,-8.61189,2.97056,7.2771,-8.50175,-7.80839,-3.77925,-3.79297,1.17056,10.0732,11.901,0.806786,-3.77925,7.5558,6.75143,3.56265,9.16343,-1.30713,6.12604,-11.901,7.42908,-3.77925,-8.50175,-7.80839,-3.77925,-8.61189,2.97056,7.2771,-11.901,7.42908,-3.77925,-8.61189,2.97056,7.2771,4.13132,11.2663,-3.77925,4.99451,-7.80749,4.7919,-2.89058,-11.2663,-3.77925,6.43843,-6.25409,-3.77925,0.997692,-4.4752,9.79815,9.16343,-1.30713,6.12604,7.5558,6.75143,3.56265,-8.50175,-7.80839,-3.77925,-2.89058,-11.2663,-3.77925,0.997692,-4.4752,9.79815,9.16343,-1.30713,6.12604,0.997692,-4.4752,9.79815,4.99451,-7.80749,4.7919,6.43843,-6.25409,-3.77925,9.36291,-4.5267,3.16434,4.99451,-7.80749,4.7919,4.99451,-7.80749,4.7919,0.997692,-4.4752,9.79815,-2.89058,-11.2663,-3.77925,-3.79297,1.17056,10.0732,7.5558,6.75143,3.56265,-8.61189,2.97056,7.2771,7.5558,6.75143,3.56265,-3.79297,1.17056,10.0732,0.997692,-4.4752,9.79815,-8.61189,2.97056,7.2771,7.5558,6.75143,3.56265,4.13132,11.2663,-3.77925,11.901,0.806786,-3.77925,4.13132,11.2663,-3.77925,7.5558,6.75143,3.56265,11.901,0.806786,-3.77925,9.36291,-4.5267,3.16434,6.43843,-6.25409,-3.77925,9.36291,-4.5267,3.16434,9.16343,-1.30713,6.12604,4.99451,-7.80749,4.7919,9.16343,-1.30713,6.12604,9.36291,-4.5267,3.16434,11.901,0.806786,-3.77925]},"normal":{"type":"float32","components":3,"data":[-0.615168,-0.549538,0.565311,-0.615168,-0.549538,0.565311,-0.615168,-0.549538,0.565311,-0.55762,-0.597145,0.576608,-0.55762,-0.597146,0.576608,-0.55762,-0.597145,0.576608,0.908281,0.280059,0.310794,0.908281,0.280059,0.310794,0.908281,0.280059,0.310794,-0.956584,-0.213399,0.198516,-0.956584,-0.213399,0.198516,-0.956584,-0.213399,0.198516,-0.211355,0.883058,0.418971,-0.211355,0.883058,0.418971,-0.211355,0.883058,0.418971,0.471784,-0.878108,-0.0796666,0.471784,-0.878108,-0.0796666,0.471784,-0.878108,-0.0796666,0.272514,0.340603,0.899848,0.272514,0.340603,0.899848,0.272514,0.340603,0.899848,-0.454603,-0.737682,0.499161,-0.454603,-0.737682,0.499161,-0.454603,-0.737682,0.499161,0.507433,-0.473232,0.720113,0.507433,-0.473232,0.720113,0.507433,-0.473232,0.720113,0.588576,-0.807068,-0.0471164,0.588576,-0.807068,-0.0471165,0.588576,-0.807068,-0.0471164,-0.132802,-0.870704,0.473538,-0.132802,-0.870704,0.473538,-0.132802,-0.870704,0.473538,-0.0492023,0.799081,0.599207,-0.0492023,0.799081,0.599207,-0.0492023,0.799081,0.599207,0.373689,0.273914,0.886187,0.373689,0.273914,0.886187,0.373689,0.273914,0.886187,-0.0698064,0.834889,0.545974,-0.0698064,0.834889,0.545974,-0.0698064,0.834889,0.545974,0.80273,0.596293,-0.00772616,0.80273,0.596293,-0.00772616,0.80273,0.596293,-0.00772616,0.778304,-0.602126,-0.178009,0.778304,-0.602126,-0.178009,0.778304,-0.602126,-0.178009,0.610892,-0.515173,0.601172,0.610892,-0.515173,0.601172,0.610892,-0.515173,0.601171,0.960282,-0.154344,0.232458,0.960282,-0.154344,0.232458,0.960282,-0.154344,0.232458]},"color":{"type":"uint8","components":4,"data":[44,35,23,255,48,38,25,255,45,36,23,255,45,35,23,255,46,36,24,255,47,37,24,255,46,36,23,255,45,35,23,255,48,37,24,255,32,24,15,255,35,27,17,255,33,26,16,255,36,28,18,255,38,29,19,255,38,30,19,255,48,38,25,255,47,37,24,255,47,37,24,255,115,92,61,255,116,93,62,255,113,90,61,255,48,38,25,255,52,41,27,255,52,41,27,255,112,88,60,255,119,96,64,255,124,100,69,255,48,38,25,255,49,38,25,255,49,39,25,255,44,34,22,255,43,34,22,255,43,33,22,255,73,57,37,255,73,57,38,255,70,54,36,255,95,72,48,255,94,72,48,255,97,74,49,255,37,29,18,255,41,32,20,255,38,29,18,255,44,34,22,255,39,30,19,255,43,33,21,255,41,32,21,255,42,33,21,255,41,32,21,255,111,87,59,255,112,89,60,255,124,100,69,255,59,46,31,255,59,46,30,255,58,45,30,255]},"texCoord0":{"type":"float32","components":2,"data":[0.237761,0.528556,0.173273,0.491742,0.192589,0.457829,0.229153,0.454197,0.237761,0.528556,0.192589,0.457829,0.029623,0.502378,0.113421,0.401785,0.130519,0.485026,0.287589,0.407068,0.237761,0.528556,0.229153,0.454197,0.287589,0.407068,0.229153,0.454197,0.137685,0.311238,0.157433,0.523502,0.223492,0.583661,0.123556,0.638837,0.173273,0.491742,0.130519,0.485026,0.113421,0.401785,0.237761,0.528556,0.223492,0.583661,0.173273,0.491742,0.130519,0.485026,0.173273,0.491742,0.157433,0.523502,0.123556,0.638837,0.122712,0.515743,0.157433,0.523502,0.157433,0.523502,0.173273,0.491742,0.223492,0.583661,0.192589,0.457829,0.113421,0.401785,0.229153,0.454197,0.113421,0.401785,0.192589,0.457829,0.173273,0.491742,0.229153,0.454197,0.113421,0.401785,0.137685,0.311238,0.029623,0.502378,0.137685,0.311238,0.113421,0.401785,0.029623,0.502378,0.122712,0.515743,0.123556,0.638837,0.122712,0.515743,0.130519,0.485026,0.157433,0.523502,0.130519,0.485026,0.122712,0.515743,0.029623,0.502378]}}],"meshes":[{"aabb":{"min":[-11.901,-11.2663,-3.77925],"max":[11.901,11.2663,10.0732]},"vertices":0,"indices":[0,1,2,3,4,5,6,7,8,9,10,11,12,13,14,15,16,17,18,19,20,21,22,23,24,25,26,27,28,29,30,31,32,33,34,35,36,37,38,39,40,41,42,43,44,45,46,47,48,49,50,51,52,53],"type":"triangles","base":0,"count":54}],"meshInstances":[{"node":1,"mesh":0}]}}