{"model":{"version":2,"nodes":[{"name":"RootNode","position":[0,0,0],"rotation":[0,0,0],"scale":[1,1,1]},{"name":"Object003","position":[0,0,0],"rotation":[-90,-0,0],"scale":[0.0254,0.0254,0.0254]}],"parents":[-1,0],"skins":[],"vertices":[{"position":{"type":"float32","components":3,"data":[11.7675,1.94861,-3.19043,8.09128,2.18498,6.96095,6.12101,-8.69658,-3.19043,-11.7675,1.3681,-3.19043,-5.82427,-10.8374,-3.19043,-10.6726,0.634386,2.68703,-4.08783,5.68043,8.7352,7.31399,10.8374,-3.19043,-10.0087,10.2973,-3.19043,6.12101,-8.69658,-3.19043,2.22801,-5.59977,7.83459,-4.20953,-9.40593,2.41444,-7.58465,0.0144463,6.80615,-4.20953,-9.40593,2.41444,2.22801,-5.59977,7.83459,-4.08783,5.68043,8.7352,8.09128,2.18498,6.96095,7.31399,10.8374,-3.19043,-10.0087,10.2973,-3.19043,-11.7675,1.3681,-3.19043,-10.6726,0.634386,2.68703,11.1012,8.76022,-3.19043,7.31399,10.8374,-3.19043,8.09128,2.18498,6.96095,-4.08783,5.68043,8.7352,-10.0087,10.2973,-3.19043,-10.6726,0.634386,2.68703,-4.08783,5.68043,8.7352,-7.58465,0.0144463,6.80615,2.22801,-5.59977,7.83459,6.12101,-8.69658,-3.19043,8.09128,2.18498,6.96095,2.22801,-5.59977,7.83459,8.09128,2.18498,6.96095,-4.08783,5.68043,8.7352,2.22801,-5.59977,7.83459,11.7675,1.94861,-3.19043,11.1012,8.76022,-3.19043,8.09128,2.18498,6.96095,6.12101,-8.69658,-3.19043,-4.20953,-9.40593,2.41444,-5.82427,-10.8374,-3.19043,-10.6726,0.634386,2.68703,-5.82427,-10.8374,-3.19043,-4.20953,-9.40593,2.41444,-7.58465,0.0144463,6.80615,-10.6726,0.634386,2.68703,-4.20953,-9.40593,2.41444,-10.6726,0.634386,2.68703,-7.58465,0.0144463,6.80615,-4.08783,5.68043,8.7352]},"normal":{"type":"float32","components":3,"data":[0.838712,-0.444873,0.314087,0.838712,-0.444873,0.314087,0.838712,-0.444873,0.314087,-0.893411,-0.435025,0.112115,-0.893411,-0.435025,0.112115,-0.893411,-0.435025,0.112115,-0.0289122,0.927249,0.373328,-0.0289122,0.927249,0.373328,-0.0289122,0.927249,0.373328,0.247851,-0.906383,0.342111,0.247851,-0.906383,0.342111,0.247851,-0.906383,0.342111,-0.367184,-0.497843,0.785703,-0.367184,-0.497843,0.785703,-0.367183,-0.497843,0.785703,0.299799,0.737263,0.605445,0.299799,0.737263,0.605445,0.299799,0.737263,0.605445,-0.960802,0.189244,0.202599,-0.960802,0.189244,0.202599,-0.960802,0.189244,0.202599,0.392022,0.714743,0.579189,0.392022,0.714743,0.579189,0.392022,0.714743,0.579189,-0.766239,0.371525,0.524258,-0.766239,0.371525,0.524258,-0.766239,0.371525,0.524258,-0.212024,-0.195166,0.957578,-0.212024,-0.195166,0.957578,-0.212024,-0.195166,0.957578,0.749919,-0.51875,0.410512,0.749919,-0.51875,0.410512,0.749919,-0.51875,0.410512,0.14473,0.00203573,0.989469,0.14473,0.00203573,0.989469,0.14473,0.00203573,0.989469,0.93697,0.0916454,0.337177,0.93697,0.0916454,0.337177,0.93697,0.0916454,0.337177,0.172967,-0.965095,0.196658,0.172967,-0.965095,0.196658,0.172967,-0.965095,0.196658,-0.781327,-0.512618,0.356022,-0.781327,-0.512618,0.356022,-0.781326,-0.512618,0.356022,-0.73322,-0.484927,0.476691,-0.73322,-0.484927,0.476691,-0.73322,-0.484927,0.476691,-0.753583,0.259446,0.603987,-0.753583,0.259446,0.603987,-0.753583,0.259446,0.603987]},"color":{"type":"uint8","components":4,"data":[32,24,15,255,32,25,15,255,32,24,15,255,30,24,14,255,30,24,14,255,31,24,14,255,31,24,14,255,30,23,14,255,30,23,14,255,16,12,8,255,17,13,8,255,16,13,8,255,28,23,13,255,27,22,13,255,28,22,13,255,34,26,16,255,33,25,16,255,34,26,16,255,26,21,12,255,25,20,12,255,26,20,12,255,27,21,13,255,28,21,13,255,28,21,13,255,30,23,14,255,29,23,14,255,29,23,13,255,60,49,30,255,60,49,30,255,60,49,29,255,38,30,19,255,39,31,19,255,39,31,19,255,55,42,27,255,51,41,25,255,37,30,18,255,25,19,11,255,25,19,12,255,26,20,12,255,17,14,8,255,18,14,8,255,17,13,8,255,25,20,12,255,24,19,11,255,25,20,12,255,32,26,15,255,31,25,15,255,31,25,15,255,43,36,21,255,44,37,22,255,51,41,25,255]},"texCoord0":{"type":"float32","components":2,"data":[0.215718,0.711648,0.20799,0.774253,0.077053,0.717388,0.132018,0.98558,0.018131,0.851756,0.156467,0.898503,0.199718,0.855203,0.298897,0.798872,0.223072,0.918847,0.077053,0.717388,0.145103,0.801723,0.083149,0.83417,0.160259,0.868501,0.083149,0.83417,0.145103,0.801723,0.199718,0.855203,0.20799,0.774253,0.298897,0.798872,0.223072,0.918847,0.132018,0.98558,0.156467,0.898503,0.30517,0.726067,0.298897,0.798872,0.20799,0.774253,0.199718,0.855203,0.223072,0.918847,0.156467,0.898503,0.199718,0.855203,0.160259,0.868501,0.145103,0.801723,0.077053,0.717388,0.20799,0.774253,0.145103,0.801723,0.20799,0.774253,0.199718,0.855203,0.145103,0.801723,0.215718,0.711648,0.30517,0.726067,0.20799,0.774253,0.077053,0.717388,0.083149,0.83417,0.018131,0.851756,0.156467,0.898503,0.018131,0.851756,0.083149,0.83417,0.160259,0.868501,0.156467,0.898503,0.083149,0.83417,0.156467,0.898503,0.160259,0.868501,0.199718,0.855203]}}],"meshes":[{"aabb":{"min":[-11.7675,-10.8374,-3.19043],"max":[11.7675,10.8374,8.7352]},"vertices":0,"indices":[0,1,2,3,4,5,6,7,8,9,10,11,12,13,14,15,16,17,18,19,20,21,22,23,24,25,26,27,28,29,30,31,32,33,34,35,36,37,38,39,40,41,42,43,44,45,46,47,48,49,50],"type":"triangles","base":0,"count":51}],"meshInstances":[{"node":1,"mesh":0}]}}