{"model":{"version":2,"nodes":[{"name":"RootNode","position":[0,0,0],"rotation":[0,0,0],"scale":[1,1,1]},{"name":"rock6","position":[0,0,0],"rotation":[-90,-0,0],"scale":[0.0254,0.0254,0.0254]}],"parents":[-1,0],"skins":[],"vertices":[{"position":{"type":"float32","components":3,"data":[-3.89513,4.83513,9.44636,-2.99286,12.0963,-4.68718,-7.63234,4.56377,5.16798,-3.89513,4.83513,9.44636,3.58711,-9.3013,6.79138,6.30164,0.556454,9.4568,-9.57443,4.20035,-4.68718,-10.3104,-8.50456,-4.68718,-8.51493,-2.84225,7.73501,-3.53955,-8.79982,5.67038,-8.51493,-2.84225,7.73501,-10.3104,-8.50456,-4.68718,10.1874,6.09414,-3.09508,6.30164,0.556454,9.4568,10.3104,-5.1777,-4.68718,2.44511,9.38055,6.74921,10.1874,6.09414,-3.09508,2.14193,9.96122,-4.68718,3.58711,-9.3013,6.79138,10.3104,-5.1777,-4.68718,6.30164,0.556454,9.4568,-4.97875,-12.0963,-4.68718,4.87427,-11.7722,-4.68718,-3.53955,-8.79982,5.67038,-2.99286,12.0963,-4.68718,-9.57443,4.20035,-4.68718,-7.63234,4.56377,5.16798,2.44511,9.38055,6.74921,-3.89513,4.83513,9.44636,6.30164,0.556454,9.4568,10.1874,6.09414,-3.09508,2.44511,9.38055,6.74921,6.30164,0.556454,9.4568,4.87427,-11.7722,-4.68718,10.3104,-5.1777,-4.68718,3.58711,-9.3013,6.79138,3.58711,-9.3013,6.79138,-3.53955,-8.79982,5.67038,4.87427,-11.7722,-4.68718,3.58711,-9.3013,6.79138,-8.51493,-2.84225,7.73501,-3.53955,-8.79982,5.67038,-3.53955,-8.79982,5.67038,-10.3104,-8.50456,-4.68718,-4.97875,-12.0963,-4.68718,2.44511,9.38055,6.74921,2.14193,9.96122,-4.68718,-2.99286,12.0963,-4.68718,-8.51493,-2.84225,7.73501,-7.63234,4.56377,5.16798,-9.57443,4.20035,-4.68718,-8.51493,-2.84225,7.73501,3.58711,-9.3013,6.79138,-3.89513,4.83513,9.44636,-8.51493,-2.84225,7.73501,-3.89513,4.83513,9.44636,-7.63234,4.56377,5.16798,-3.89513,4.83513,9.44636,2.44511,9.38055,6.74921,-2.99286,12.0963,-4.68718]},"normal":{"type":"float32","components":3,"data":[-0.486152,0.789521,0.374584,-0.486152,0.789521,0.374584,-0.486152,0.789521,0.374584,-0.0992489,-0.234167,0.967117,-0.0992489,-0.234167,0.967117,-0.0992489,-0.234167,0.967117,-0.991456,0.0574307,0.117122,-0.991456,0.0574307,0.117122,-0.991456,0.0574307,0.117122,-0.633181,-0.665661,0.39494,-0.633181,-0.665661,0.39494,-0.633181,-0.665661,0.39494,0.958469,-0.0296071,0.283655,0.958469,-0.0296071,0.283655,0.958469,-0.0296071,0.283655,0.427391,0.903407,0.0345388,0.427391,0.903407,0.0345388,0.427391,0.903407,0.0345388,0.859656,-0.339858,0.381429,0.859656,-0.339858,0.381429,0.859656,-0.339858,0.381429,0.0313666,-0.953684,0.299169,0.0313666,-0.953684,0.299169,0.0313666,-0.953684,0.299169,-0.761951,0.635115,0.126731,-0.761951,0.635114,0.126731,-0.761951,0.635115,0.126731,0.144901,0.347581,0.926386,0.144901,0.347581,0.926386,0.144901,0.347581,0.926386,0.763324,0.4697,0.44353,0.763324,0.4697,0.44353,0.763324,0.4697,0.44353,0.753054,-0.620768,0.218075,0.753054,-0.620768,0.218075,0.753054,-0.620768,0.218075,-0.0998567,-0.974964,0.198679,-0.0998567,-0.974964,0.198679,-0.0998567,-0.974964,0.198679,-0.169616,-0.44618,0.878723,-0.169616,-0.44618,0.878723,-0.169616,-0.44618,0.878723,-0.528717,-0.784834,0.323254,-0.528717,-0.784834,0.323254,-0.528717,-0.784834,0.323254,0.383681,0.922737,0.036679,0.383681,0.922737,0.036679,0.383681,0.922737,0.036679,-0.966531,0.178915,0.18387,-0.966531,0.178915,0.18387,-0.966531,0.178915,0.18387,-0.0303894,-0.200013,0.979322,-0.0303894,-0.200013,0.979322,-0.0303894,-0.200013,0.979322,-0.727698,0.300442,0.616596,-0.727698,0.300442,0.616596,-0.727698,0.300442,0.616596,-0.419134,0.818179,0.393586,-0.419134,0.818179,0.393586,-0.419134,0.818179,0.393586]},"color":{"type":"uint8","components":4,"data":[35,27,17,255,34,26,16,255,35,27,17,255,54,42,27,255,56,44,28,255,53,42,26,255,32,24,15,255,34,26,16,255,33,25,16,255,40,31,19,255,39,29,19,255,39,30,19,255,28,21,13,255,30,23,14,255,31,24,15,255,27,20,12,255,27,20,12,255,25,19,12,255,41,31,20,255,39,30,19,255,38,29,18,255,56,43,28,255,56,43,28,255,56,43,28,255,29,22,13,255,31,23,14,255,30,23,14,255,43,34,21,255,45,35,22,255,45,35,22,255,32,25,15,255,32,25,15,255,34,26,16,255,38,29,18,255,36,28,17,255,37,28,18,255,45,35,23,255,46,36,23,255,46,36,23,255,93,72,48,255,92,72,47,255,94,73,48,255,35,26,16,255,34,26,16,255,35,26,17,255,26,20,12,255,25,19,12,255,27,21,13,255,35,27,17,255,34,26,16,255,34,26,16,255,66,50,32,255,67,50,33,255,65,49,31,255,65,49,32,255,48,38,23,255,46,37,23,255,32,24,15,255,29,23,14,255,30,23,14,255]},"texCoord0":{"type":"float32","components":2,"data":[0.548188,0.599289,0.685864,0.605836,0.559302,0.633557,0.548188,0.599289,0.447397,0.559895,0.516047,0.548866,0.590954,0.707086,0.452843,0.720626,0.509389,0.621387,0.459445,0.605216,0.509389,0.621387,0.452843,0.720626,0.593804,0.459248,0.516047,0.548866,0.463917,0.458772,0.57456,0.562284,0.593804,0.459248,0.677636,0.524118,0.447397,0.559895,0.463917,0.458772,0.516047,0.548866,0.372851,0.671734,0.356919,0.536837,0.459445,0.605216,0.685864,0.605836,0.590954,0.707086,0.559302,0.633557,0.57456,0.562284,0.548188,0.599289,0.516047,0.548866,0.593804,0.459248,0.57456,0.562284,0.516047,0.548866,0.356919,0.536837,0.463917,0.458772,0.447397,0.559895,0.447397,0.559895,0.459445,0.605216,0.356919,0.536837,0.447397,0.559895,0.509389,0.621387,0.459445,0.605216,0.459445,0.605216,0.452843,0.720626,0.372851,0.671734,0.57456,0.562284,0.677636,0.524118,0.685864,0.605836,0.509389,0.621387,0.559302,0.633557,0.590954,0.707086,0.509389,0.621387,0.447397,0.559895,0.548188,0.599289,0.509389,0.621387,0.548188,0.599289,0.559302,0.633557,0.548188,0.599289,0.57456,0.562284,0.685864,0.605836]}}],"meshes":[{"aabb":{"min":[-10.3104,-12.0963,-4.68718],"max":[10.3104,12.0963,9.4568]},"vertices":0,"indices":[0,1,2,3,4,5,6,7,8,9,10,11,12,13,14,15,16,17,18,19,20,21,22,23,24,25,26,27,28,29,30,31,32,33,34,35,36,37,38,39,40,41,42,43,44,45,46,47,48,49,50,51,52,53,54,55,56,57,58,59],"type":"triangles","base":0,"count":60}],"meshInstances":[{"node":1,"mesh":0}]}}