{"uvs":[[0.382896,0.029505,0.377251,0.029505,0.377251,0.025552,0.382896,0.025552,0.377251,0.021599,0.382896,0.021599,0.377251,0.017646,0.382896,0.017646,0.377251,0.013693,0.382896,0.013693,0.377251,0.00974,0.382896,0.00974,0.377251,0.005787,0.382896,0.005787,0.382896,0.053222,0.377251,0.053222,0.377251,0.049269,0.382896,0.049269,0.377251,0.045316,0.382896,0.045316,0.377251,0.041363,0.382896,0.041363,0.377251,0.03741,0.382896,0.03741,0.341612,0.059107,0.339126,0.068382,0.341612,0.077657,0.348402,0.084447,0.357677,0.086933,0.366952,0.084447,0.373742,0.077657,0.376227,0.068382,0.373742,0.059107,0.366952,0.052317,0.357677,0.049832,0.348402,0.052317,0.377251,0.033458,0.382896,0.033458,0.342733,0.009999,0.366753,0.009999,0.366753,0.034018,0.342733,0.034018]],"normals":[-1,0,0,-0.866024,-0.499985,0,-0.499985,-0.866024,0,0,-1,0,0.499985,-0.866024,0,0.866024,-0.499985,0,1,0,0,0.866024,0.499985,0,0.499985,0.866024,0,0,1,0,-0.499985,0.866024,0,0,0,-1,0,0,-0.999969,-0.866024,0.499985,0,0,0,1,0,0,0.999969],"faces":[41,24,27,26,25,0,1,2,3,0,0,1,1,41,25,26,29,28,3,2,4,5,1,1,2,2,41,28,29,31,30,5,4,6,7,2,2,3,3,41,30,31,33,32,7,6,8,9,3,3,4,4,41,32,33,35,34,9,8,10,11,4,4,5,5,41,34,35,37,36,11,10,12,13,5,5,6,6,41,36,37,39,38,14,15,16,17,6,6,7,7,41,38,39,41,40,17,16,18,19,7,7,8,8,41,40,41,43,42,19,18,20,21,8,8,9,9,41,42,43,45,44,21,20,22,23,9,9,10,10,40,5,3,1,35,24,25,11,11,12,40,1,47,21,25,26,27,12,11,11,40,21,19,17,27,28,29,11,11,11,40,17,15,13,29,30,31,11,11,11,40,13,11,9,31,32,33,11,11,11,40,9,7,5,33,34,35,11,11,11,40,5,1,21,35,25,27,11,12,11,40,21,17,13,27,29,31,11,11,11,40,13,9,5,31,33,35,11,11,11,40,21,13,5,27,31,35,11,11,11,41,44,45,23,46,23,22,36,37,10,10,13,13,41,46,23,27,24,37,36,1,0,13,13,0,0,40,22,0,2,26,25,24,14,15,14,40,2,4,6,24,35,34,14,14,14,40,6,8,10,34,33,32,14,14,14,40,10,12,14,32,31,30,14,14,14,40,14,16,18,30,29,28,14,14,14,40,18,20,22,28,27,26,14,14,14,40,22,2,6,26,24,34,14,14,14,40,6,10,14,34,32,30,14,14,14,40,14,18,22,30,28,26,14,14,14,40,6,14,22,34,30,26,14,14,14,41,48,49,51,50,38,39,40,41,9,9,9,9],"name":"Cylinder.016Geometry","vertices":[-0.3,0.600241,0.043736,-0.3,0.600241,-0.043736,-0.259808,0.450241,0.043736,-0.259808,0.450241,-0.043736,-0.15,0.340433,0.043736,-0.15,0.340433,-0.043736,0,0.300241,0.043736,0,0.300241,-0.043736,0.15,0.340433,0.043736,0.15,0.340433,-0.043736,0.259808,0.450241,0.043736,0.259808,0.450241,-0.043736,0.3,0.600241,0.043736,0.3,0.600241,-0.043736,0.259808,0.750241,0.043736,0.259808,0.750241,-0.043736,0.15,0.860048,0.043736,0.15,0.860048,-0.043736,0,0.900241,0.043736,0,0.900241,-0.043736,-0.15,0.860048,0.043736,-0.15,0.860048,-0.043736,-0.259808,0.750241,0.043736,-0.259808,0.750241,-0.043736,-0.3,0.600241,0.043736,-0.259808,0.450241,0.043736,-0.259808,0.450241,-0.043736,-0.3,0.600241,-0.043736,-0.15,0.340433,0.043736,-0.15,0.340433,-0.043736,0,0.300241,0.043736,0,0.300241,-0.043736,0.15,0.340433,0.043736,0.15,0.340433,-0.043736,0.259808,0.450241,0.043736,0.259808,0.450241,-0.043736,0.3,0.600241,0.043736,0.3,0.600241,-0.043736,0.259808,0.750241,0.043736,0.259808,0.750241,-0.043736,0.15,0.860048,0.043736,0.15,0.860048,-0.043736,0,0.900241,0.043736,0,0.900241,-0.043736,-0.15,0.860048,0.043736,-0.15,0.860048,-0.043736,-0.259808,0.750241,0.043736,-0.259808,0.750241,-0.043736,-0.2,0.01,0.2,0.2,0.01,0.2,-0.2,0.01,-0.2,0.2,0.01,-0.2],"metadata":{"uvs":1,"type":"Geometry","faces":33,"version":3,"vertices":52,"generator":"io_three","normals":16}}