{"faces":[41,0,1,3,2,0,1,2,3,0,0,0,0,41,20,4,5,22,4,5,6,7,1,2,3,4,41,22,5,7,26,8,9,10,11,4,3,5,6,41,26,7,6,24,12,13,14,15,6,5,7,8,41,24,6,4,20,16,17,18,19,8,7,2,1,41,8,11,15,12,20,21,22,23,9,10,11,12,41,5,4,8,9,6,5,24,25,3,2,9,13,41,4,6,11,8,18,17,21,20,2,7,10,9,41,7,5,9,10,10,9,26,27,5,3,13,14,41,6,7,10,11,14,13,28,29,7,5,14,10,41,15,14,18,19,30,31,32,33,11,15,16,17,41,10,9,13,14,27,26,34,35,14,13,18,15,41,11,10,14,15,29,28,31,30,10,14,15,11,41,9,8,12,13,25,24,36,37,13,9,12,18,41,18,17,16,19,32,38,39,33,16,19,20,17,41,13,12,16,17,37,36,40,41,18,12,20,19,41,12,15,19,16,23,22,42,43,12,11,17,20,41,14,13,17,18,35,34,44,45,15,18,19,16,41,20,22,23,21,4,7,46,47,1,4,21,22,41,22,26,27,23,8,11,48,49,4,6,23,21,41,26,24,25,27,12,15,50,51,6,8,24,23,41,24,20,21,25,16,19,52,53,8,1,22,24,41,28,32,35,31,54,55,56,57,25,26,27,28,41,23,29,28,21,46,58,59,47,21,29,25,22,41,21,28,31,25,52,54,57,53,22,25,28,24,41,27,30,29,23,48,60,61,49,23,30,29,21,41,25,31,30,27,50,62,63,51,24,28,30,23,41,35,39,38,34,64,65,66,67,27,31,32,33,41,30,34,33,29,60,68,69,61,30,33,34,29,41,31,35,34,30,62,64,67,63,28,27,33,30,41,29,33,32,28,58,70,71,59,29,34,26,25,41,38,39,36,37,66,65,72,73,32,31,35,36,41,33,37,36,32,70,74,75,71,34,36,35,26,41,32,36,39,35,55,76,77,56,26,35,31,27,41,34,38,37,33,68,78,79,69,33,32,36,34],"normals":[0,1,0,-0.620533,0,0.784173,-0.447493,-0.388073,0.805658,-0.447493,-0.388073,-0.805658,-0.620533,0,-0.784173,0.603046,0.481521,-0.635914,0.765374,0,-0.643544,0.603046,0.481521,0.635914,0.765374,0,0.643544,-0.146458,-0.621021,0.769951,0.16599,0.742912,0.648457,-0.197363,0.711325,0.674551,0.063753,-0.670736,0.738945,-0.146458,-0.621021,-0.769951,0.16599,0.742912,-0.648457,-0.197363,0.711325,-0.674551,-0.685812,0.446211,-0.574908,-0.685812,0.446211,0.574908,0.063753,-0.670736,-0.738945,-0.513779,-0.66332,-0.544023,-0.513779,-0.66332,0.544023,-0.447493,0.388073,-0.805658,-0.447493,0.388073,0.805658,0.603046,-0.481521,-0.635914,0.603046,-0.481521,0.635914,-0.146458,0.621021,0.769951,0.063753,0.670736,0.738945,-0.197363,-0.711325,0.674551,0.16599,-0.742912,0.648457,-0.146458,0.621021,-0.769951,0.16599,-0.742912,-0.648457,-0.685812,-0.446211,0.574908,-0.685812,-0.446211,-0.574908,-0.197363,-0.711325,-0.674551,0.063753,0.670736,-0.738945,-0.513779,0.66332,0.544023,-0.513779,0.66332,-0.544023],"metadata":{"version":3,"faces":35,"normals":37,"uvs":1,"vertices":40,"type":"Geometry","generator":"io_three"},"uvs":[[0.286581,0.010487,0.310601,0.010487,0.310601,0.034507,0.286581,0.034507,0.06127,0.721401,0.052878,0.721401,0.052878,0.706167,0.06127,0.706167,0.262623,0.745091,0.260017,0.753068,0.275934,0.764455,0.282239,0.745085,0.106118,0.74372,0.085747,0.74372,0.085747,0.728485,0.106118,0.728485,0.145515,0.665808,0.139206,0.685177,0.123292,0.673786,0.125899,0.665809,0.113142,0.67879,0.118264,0.697679,0.097508,0.696061,0.098812,0.678223,0.041562,0.721401,0.041562,0.706167,0.249869,0.758075,0.254995,0.776962,0.061357,0.74372,0.061357,0.728485,0.040546,0.72903,0.040546,0.743175,0.021031,0.741823,0.021031,0.730382,0.235539,0.757511,0.234238,0.775349,0.027231,0.720857,0.027231,0.706711,0.005156,0.741823,0.005156,0.730382,0.007109,0.719504,0.007109,0.708064,0.079378,0.688717,0.079376,0.672841,0.216101,0.752134,0.216107,0.768009,0.069663,0.706167,0.069663,0.721401,0.275923,0.725718,0.260013,0.737115,0.126489,0.728485,0.126489,0.74372,0.123291,0.657833,0.139203,0.64644,0.11314,0.65283,0.09881,0.653399,0.097503,0.635561,0.118259,0.633941,0.080979,0.706167,0.080979,0.721401,0.254976,0.713224,0.249861,0.732114,0.150878,0.728485,0.150878,0.74372,0.17169,0.72903,0.191204,0.730382,0.191204,0.741823,0.17169,0.743175,0.23422,0.714849,0.235531,0.732687,0.09531,0.706711,0.09531,0.720857,0.20708,0.730382,0.20708,0.741823,0.115432,0.708064,0.115432,0.719505,0.079375,0.658783,0.079374,0.642908,0.216093,0.7222,0.216097,0.738076]],"vertices":[-0.31698,0.01,0.2,0.31698,0.01,0.2,-0.31698,0.01,-0.2,0.31698,0.01,-0.2,0.117648,0.675836,0.081767,0.117648,0.675836,-0.081767,0.28847,0.798123,0.081767,0.28847,0.798123,-0.081767,0.008689,0.729547,0.081767,0.008689,0.729547,-0.081767,0.063655,0.932311,-0.081767,0.063655,0.932311,0.081767,-0.145028,0.723425,0.075925,-0.145028,0.723425,-0.075925,-0.159076,0.91491,-0.075925,-0.159076,0.91491,0.075925,-0.353161,0.665646,0.061405,-0.353161,0.665646,-0.061405,-0.353151,0.836068,-0.061405,-0.353151,0.836068,0.061405,0.145642,0.590208,0.081767,0.117648,0.50458,0.081767,0.145642,0.590208,-0.081767,0.117648,0.50458,-0.081767,0.356215,0.590208,0.081767,0.28847,0.382293,0.081767,0.356215,0.590208,-0.081767,0.28847,0.382293,-0.081767,0.008689,0.450869,0.081767,0.008689,0.450869,-0.081767,0.063655,0.248105,-0.081767,0.063655,0.248105,0.081767,-0.145028,0.456991,0.075925,-0.145028,0.456991,-0.075925,-0.159076,0.265505,-0.075925,-0.159076,0.265505,0.075925,-0.353161,0.51477,0.061405,-0.353161,0.51477,-0.061405,-0.353151,0.344348,-0.061405,-0.353151,0.344348,0.061405],"name":"Cube.001Geometry"}