{ "stream":"snd/sprite", "sprite": { "silence": [ 0, 100, true ], "FireworkSound": [ 200, 504.1723356009071 ], "GoalReaction": [ 1300, 3382.49433106576 ], "KickSound": [ 5400, 542.4036281179134 ], "LevelsChange": [ 6500, 1504.535147392291 ], "Whistle": [ 8600.000000000002, 650.7029478458044 ], "awww": [ 9700.000000000002, 2343.945578231292 ], "awww2": [ 12800, 1874.2403628117916 ], "bonus": [ 14900, 750.022675736961 ], "click1": [ 16000, 399.9999999999986 ], "click2": [ 17099.999999999996, 45.3061224489808 ], "crossbar": [ 18200, 432.69841269841436 ], "ding": [ 19300, 3212.743764172334 ], "fon": [ 23400, 28440.090702947848 ], "wallHitSound1": [ 52500, 129.16099773242706 ], "wallHitSound2": [ 53600, 100.90702947845642 ], "wallHitSound3": [ 54700, 155.2834467120192 ] } }
