{"model":{"version":2,"nodes":[{"name":"RootNode","position":[0,0,0],"rotation":[0,0,0],"scale":[1,1,1]},{"name":"Box007","position":[0,0,0],"rotation":[-90,-0,0],"scale":[0.0254,0.0254,0.0254]}],"parents":[-1,0],"skins":[],"vertices":[{"position":{"type":"float32","components":3,"data":[23.4668,-23.9824,-28.2853,-23.2883,23.0169,-28.2853,23.4668,23.0169,-28.2853,-23.2883,-23.9824,-28.2853,27.3387,28.3172,16.6158,-27.3699,28.3172,16.6158,-27.3699,-28.6201,16.6158,27.3387,-28.6201,16.6158,-25.9371,-27.3089,1.68453,23.4668,-23.9824,-28.2853,26.4458,-27.3089,1.68453,-23.2883,-23.9824,-28.2853,26.4458,-27.3089,1.68453,23.4668,23.0169,-28.2853,26.4458,27.0059,1.68453,23.4668,-23.9824,-28.2853,-25.9371,27.0059,1.68453,23.4668,23.0169,-28.2853,-23.2883,23.0169,-28.2853,26.4458,27.0059,1.68453,-25.9371,-27.3089,1.68453,-23.2883,23.0169,-28.2853,-23.2883,-23.9824,-28.2853,-25.9371,27.0059,1.68453,27.3387,-28.6201,16.6158,-27.3699,-28.6201,16.6158,-27.4104,-28.9041,1.68453,27.3987,-28.9041,1.68453,27.3387,-28.6201,16.6158,27.3987,28.6011,1.68453,27.3387,28.3172,16.6158,27.3987,-28.9041,1.68453,27.3387,28.3172,16.6158,-27.4104,28.6011,1.68453,-27.3699,28.3172,16.6158,27.3987,28.6011,1.68453,-27.3699,-28.6201,16.6158,-27.3699,28.3172,16.6158,-27.4104,28.6011,1.68453,-27.4104,-28.9041,1.68453,27.3987,-28.9041,1.68453,-27.4104,-28.9041,1.68453,-25.9371,-27.3089,1.68453,26.4458,-27.3089,1.68453,27.3987,-28.9041,1.68453,26.4458,27.0059,1.68453,27.3987,28.6011,1.68453,26.4458,-27.3089,1.68453,-25.9371,27.0059,1.68453,-27.4104,28.6011,1.68453,-27.4104,-28.9041,1.68453,-25.9371,27.0059,1.68453,-25.9371,-27.3089,1.68453,-27.4104,28.6011,1.68453,-24.2098,4.75096,-28.6582,24.3883,-5.71638,-28.6582,-24.2098,-5.71638,-28.6582,24.3883,4.75096,-28.6582,-28.3382,-6.42337,1.62294,-24.2098,4.75096,-28.6582,-24.2098,-5.71638,-28.6582,-28.3382,5.45811,1.62294,28.3382,-6.42337,1.553,24.3883,4.75096,-28.6582,28.3382,5.45811,1.553,24.3883,-5.71638,-28.6582,-28.3469,-6.42528,16.9643,-0.775662,-6.42528,19.1097,-28.3469,5.45986,16.9643,-0.775661,5.45986,19.1097,-0.775661,5.45986,19.1097,28.3469,-6.42528,16.8944,28.3469,5.45986,16.8944,-0.775662,-6.42528,19.1097,-0.395024,-29.2565,4.31584,5.41257,-29.5718,16.9623,-6.18808,-29.4799,16.9664,-6.56632,-2.00777,19.1097,-6.18808,-29.4799,16.9664,5.31838,-1.90594,19.1097,5.41257,-29.5718,16.9623,-0.395024,-29.2565,4.31584,6.03189,-29.1624,-4.52436,5.41257,-29.5718,16.9623,-6.18808,-29.4799,16.9664,-6.33725,-28.9002,-8.30834,-0.395024,-29.2565,4.31584,-0.301736,29.1372,4.31584,-6.10174,29.5718,16.9623,5.49455,29.2414,16.9665,-6.10174,29.5718,16.9623,-6.56315,1.90686,19.1097,5.49455,29.2414,16.9665,5.3212,1.77003,19.1097,-0.301736,29.1372,4.31584,-6.72902,29.1669,-4.52425,-6.10174,29.5718,16.9623,5.49455,29.2414,16.9665,5.63268,28.6667,-8.30844,-0.301736,29.1372,4.31584,-28.3469,5.45986,16.9643,-28.3382,-6.42337,1.62294,-28.3469,-6.42528,16.9643,-28.3382,5.45811,1.62294,28.3469,-6.42528,16.8944,28.3382,-6.42337,1.553,28.3469,5.45986,16.8944,28.3382,5.45811,1.553,4.72194,-19.6565,24.0589,13.9428,-9.99001,27.548,3.87979,-17.5803,27.548,15.7077,-11.3702,24.0589,10.786,-6.27859,28.6582,1.17851,-13.5253,28.6582,-1.9698,-9.18124,24.3385,7.47411,-2.0579,24.3385,-5.68355,-3.83142,20.168,3.35052,2.98279,20.168,14.6156,-9.48249,19.5639,3.20695,-18.0878,19.5639,3.3362,2.97198,19.7546,-5.66922,-3.82062,19.7546,-16.2758,9.14137,27.548,-6.21282,16.7317,27.548,-7.05497,18.8078,24.0589,-18.0407,10.5215,24.0589,-3.51153,12.6767,28.6582,-13.1191,5.42995,28.6582,-9.80713,1.20926,24.3385,-0.363226,8.3326,24.3385,-5.53997,17.2392,19.5639,-16.9486,8.63386,19.5639,13.8716,-9.89572,27.4075,4.61147,-19.51,24.0637,3.80867,-17.486,27.4075,15.5972,-11.2237,24.0637,10.8028,-6.30078,28.4768,1.19525,-13.5475,28.4768,-1.90811,-9.26303,24.1863,7.5358,-2.13969,24.1863,-5.68355,-3.83142,19.9845,3.35052,2.98279,19.9845,14.5566,-9.40429,19.7191,3.3362,2.97198,19.9381,3.14796,-18.0096,19.7191,-5.66922,-3.82062,19.9381,-17.9302,10.3751,24.0637,-6.94449,18.6614,24.0637,-16.2047,9.04708,27.4075,-6.1417,16.6374,27.4075,-3.52827,12.6989,28.4768,-13.1358,5.45214,28.4768,-9.86882,1.29105,24.1863,-0.424916,8.41439,24.1863,-16.8896,8.55565,19.7191,-5.48098,17.161,19.7191,15.7077,-11.3702,24.0589,13.8716,-9.89572,27.4075,13.9428,-9.99001,27.548,15.5972,-11.2237,24.0637,3.87979,-17.5803,27.548,4.61147,-19.51,24.0637,4.72194,-19.6565,24.0589,3.80867,-17.486,27.4075,10.8028,-6.30078,28.4768,10.786,-6.27859,28.6582,1.19525,-13.5475,28.4768,1.17851,-13.5253,28.6582,7.5358,-2.13969,24.1863,7.47411,-2.0579,24.3385,-1.9698,-9.18124,24.3385,-1.90811,-9.26303,24.1863,3.35052,2.98279,19.9845,3.35052,2.98279,20.168,-5.68355,-3.83142,20.168,-5.68355,-3.83142,19.9845,14.5566,-9.40429,19.7191,3.3362,2.97198,19.7546,3.3362,2.97198,19.9381,14.6156,-9.48249,19.5639,3.14796,-18.0096,19.7191,-5.66922,-3.82062,19.9381,-5.66922,-3.82062,19.7546,3.20695,-18.0878,19.5639,-18.0407,10.5215,24.0589,-16.2047,9.04708,27.4075,-16.2758,9.14137,27.548,-17.9302,10.3751,24.0637,-6.21282,16.7317,27.548,-6.94449,18.6614,24.0637,-7.05497,18.8078,24.0589,-6.1417,16.6374,27.4075,-13.1358,5.45214,28.4768,-13.1191,5.42995,28.6582,-3.52827,12.6989,28.4768,-3.51153,12.6767,28.6582,-9.86882,1.29105,24.1863,-9.80713,1.20926,24.3385,-0.363226,8.3326,24.3385,-0.424916,8.41439,24.1863,-16.8896,8.55565,19.7191,-16.9486,8.63386,19.5639,-5.48098,17.161,19.7191,-5.53997,17.2392,19.5639]},"normal":{"type":"float32","components":3,